site,mutant,nt changes to codon
11,A,1
11,C,2
11,D,0
11,E,1
11,F,2
11,G,1
11,H,1
11,I,2
11,K,2
11,L,2
11,M,3
11,N,1
11,P,2
11,Q,2
11,R,2
11,S,2
11,T,2
11,V,1
11,W,3
11,Y,1
11,-,3
12,A,2
12,C,3
12,D,2
12,E,1
12,F,3
12,G,2
12,H,2
12,I,2
12,K,0
12,L,2
12,M,1
12,N,1
12,P,2
12,Q,1
12,R,1
12,S,2
12,T,1
12,V,2
12,W,2
12,Y,2
12,-,3
13,A,2
13,C,2
13,D,2
13,E,3
13,F,1
13,G,2
13,H,2
13,I,0
13,K,2
13,L,1
13,M,1
13,N,1
13,P,2
13,Q,3
13,R,2
13,S,1
13,T,1
13,V,1
13,W,3
13,Y,2
13,-,3
14,A,2
14,C,0
14,D,2
14,E,3
14,F,1
14,G,1
14,H,2
14,I,2
14,K,3
14,L,2
14,M,3
14,N,2
14,P,2
14,Q,3
14,R,1
14,S,1
14,T,2
14,V,2
14,W,1
14,Y,1
14,-,3
15,A,2
15,C,3
15,D,3
15,E,2
15,F,2
15,G,2
15,H,2
15,I,2
15,K,2
15,L,0
15,M,1
15,N,3
15,P,1
15,Q,1
15,R,1
15,S,2
15,T,2
15,V,1
15,W,2
15,Y,3
15,-,3
16,A,1
16,C,1
16,D,1
16,E,2
16,F,2
16,G,0
16,H,2
16,I,2
16,K,3
16,L,2
16,M,3
16,N,2
16,P,2
16,Q,3
16,R,1
16,S,1
16,T,2
16,V,1
16,W,2
16,Y,2
16,-,3
17,A,2
17,C,2
17,D,1
17,E,2
17,F,2
17,G,2
17,H,0
17,I,2
17,K,2
17,L,1
17,M,3
17,N,1
17,P,1
17,Q,1
17,R,1
17,S,2
17,T,2
17,V,2
17,W,3
17,Y,1
17,-,3
18,A,2
18,C,2
18,D,1
18,E,2
18,F,2
18,G,2
18,H,0
18,I,2
18,K,2
18,L,1
18,M,3
18,N,1
18,P,1
18,Q,1
18,R,1
18,S,2
18,T,2
18,V,2
18,W,3
18,Y,1
18,-,3
19,A,0
19,C,2
19,D,1
19,E,2
19,F,2
19,G,1
19,H,2
19,I,2
19,K,3
19,L,2
19,M,3
19,N,2
19,P,1
19,Q,3
19,R,2
19,S,1
19,T,1
19,V,1
19,W,3
19,Y,2
19,-,3
20,A,1
20,C,3
20,D,2
20,E,1
20,F,2
20,G,1
20,H,3
20,I,2
20,K,2
20,L,1
20,M,1
20,N,3
20,P,2
20,Q,2
20,R,2
20,S,2
20,T,2
20,V,0
20,W,2
20,Y,3
20,-,3
21,A,1
21,C,1
21,D,2
21,E,3
21,F,1
21,G,2
21,H,2
21,I,2
21,K,3
21,L,2
21,M,3
21,N,2
21,P,1
21,Q,3
21,R,2
21,S,0
21,T,1
21,V,2
21,W,2
21,Y,1
21,-,3
22,A,2
22,C,2
22,D,1
22,E,2
22,F,2
22,G,2
22,H,1
22,I,1
22,K,1
22,L,2
22,M,2
22,N,0
22,P,2
22,Q,2
22,R,2
22,S,1
22,T,1
22,V,2
22,W,3
22,Y,1
22,-,3
23,A,1
23,C,1
23,D,1
23,E,2
23,F,2
23,G,0
23,H,2
23,I,2
23,K,3
23,L,2
23,M,3
23,N,2
23,P,2
23,Q,3
23,R,1
23,S,1
23,T,2
23,V,1
23,W,2
23,Y,2
23,-,3
24,A,1
24,C,2
24,D,2
24,E,3
24,F,2
24,G,2
24,H,2
24,I,1
24,K,2
24,L,2
24,M,2
24,N,1
24,P,1
24,Q,3
24,R,2
24,S,1
24,T,0
24,V,2
24,W,3
24,Y,2
24,-,3
25,A,2
25,C,3
25,D,2
25,E,1
25,F,3
25,G,2
25,H,2
25,I,2
25,K,0
25,L,2
25,M,1
25,N,1
25,P,2
25,Q,1
25,R,1
25,S,2
25,T,1
25,V,2
25,W,2
25,Y,2
25,-,3
26,A,1
26,C,3
26,D,2
26,E,1
26,F,2
26,G,1
26,H,3
26,I,2
26,K,2
26,L,1
26,M,1
26,N,3
26,P,2
26,Q,2
26,R,2
26,S,2
26,T,2
26,V,0
26,W,2
26,Y,3
26,-,3
27,A,2
27,C,2
27,D,1
27,E,2
27,F,2
27,G,2
27,H,1
27,I,1
27,K,1
27,L,2
27,M,2
27,N,0
27,P,2
27,Q,2
27,R,2
27,S,1
27,T,1
27,V,2
27,W,3
27,Y,1
27,-,3
28,A,1
28,C,2
28,D,2
28,E,3
28,F,2
28,G,2
28,H,2
28,I,1
28,K,2
28,L,2
28,M,2
28,N,1
28,P,1
28,Q,3
28,R,2
28,S,1
28,T,0
28,V,2
28,W,3
28,Y,2
28,-,3
29,A,2
29,C,3
29,D,3
29,E,2
29,F,2
29,G,2
29,H,2
29,I,2
29,K,2
29,L,0
29,M,1
29,N,3
29,P,1
29,Q,1
29,R,1
29,S,2
29,T,2
29,V,1
29,W,2
29,Y,3
29,-,3
30,A,1
30,C,2
30,D,2
30,E,3
30,F,2
30,G,2
30,H,2
30,I,1
30,K,2
30,L,2
30,M,2
30,N,1
30,P,1
30,Q,3
30,R,2
30,S,1
30,T,0
30,V,2
30,W,3
30,Y,2
30,-,3
31,A,1
31,C,3
31,D,1
31,E,0
31,F,3
31,G,1
31,H,2
31,I,3
31,K,1
31,L,2
31,M,2
31,N,2
31,P,2
31,Q,1
31,R,2
31,S,2
31,T,2
31,V,1
31,W,2
31,Y,2
31,-,3
32,A,2
32,C,2
32,D,3
32,E,2
32,F,3
32,G,1
32,H,3
32,I,2
32,K,1
32,L,2
32,M,1
32,N,2
32,P,2
32,Q,2
32,R,0
32,S,1
32,T,1
32,V,2
32,W,1
32,Y,3
32,-,3
33,A,1
33,C,2
33,D,2
33,E,1
33,F,3
33,G,0
33,H,3
33,I,2
33,K,2
33,L,2
33,M,3
33,N,3
33,P,2
33,Q,2
33,R,1
33,S,2
33,T,2
33,V,1
33,W,2
33,Y,3
33,-,3
34,A,1
34,C,3
34,D,2
34,E,1
34,F,2
34,G,1
34,H,3
34,I,2
34,K,2
34,L,1
34,M,1
34,N,3
34,P,2
34,Q,2
34,R,2
34,S,2
34,T,2
34,V,0
34,W,2
34,Y,3
34,-,3
35,A,1
35,C,3
35,D,1
35,E,0
35,F,3
35,G,1
35,H,2
35,I,2
35,K,1
35,L,2
35,M,3
35,N,2
35,P,2
35,Q,1
35,R,2
35,S,2
35,T,2
35,V,1
35,W,3
35,Y,2
35,-,3
36,A,1
36,C,3
36,D,2
36,E,1
36,F,2
36,G,1
36,H,3
36,I,2
36,K,2
36,L,1
36,M,1
36,N,3
36,P,2
36,Q,2
36,R,2
36,S,2
36,T,2
36,V,0
36,W,2
36,Y,3
36,-,3
37,A,1
37,C,3
37,D,2
37,E,1
37,F,2
37,G,1
37,H,3
37,I,2
37,K,2
37,L,1
37,M,1
37,N,3
37,P,2
37,Q,2
37,R,2
37,S,2
37,T,2
37,V,0
37,W,2
37,Y,3
37,-,3
38,A,2
38,C,2
38,D,1
38,E,2
38,F,2
38,G,2
38,H,1
38,I,1
38,K,1
38,L,2
38,M,2
38,N,0
38,P,2
38,Q,2
38,R,2
38,S,1
38,T,1
38,V,2
38,W,3
38,Y,1
38,-,3
39,A,0
39,C,2
39,D,1
39,E,2
39,F,2
39,G,1
39,H,2
39,I,2
39,K,3
39,L,2
39,M,3
39,N,2
39,P,1
39,Q,3
39,R,2
39,S,1
39,T,1
39,V,1
39,W,3
39,Y,2
39,-,3
40,A,1
40,C,2
40,D,2
40,E,3
40,F,2
40,G,2
40,H,2
40,I,1
40,K,2
40,L,2
40,M,2
40,N,1
40,P,1
40,Q,3
40,R,2
40,S,1
40,T,0
40,V,2
40,W,3
40,Y,2
40,-,3
41,A,1
41,C,3
41,D,1
41,E,0
41,F,3
41,G,1
41,H,2
41,I,2
41,K,1
41,L,2
41,M,3
41,N,2
41,P,2
41,Q,1
41,R,2
41,S,2
41,T,2
41,V,1
41,W,3
41,Y,2
41,-,3
42,A,1
42,C,2
42,D,2
42,E,3
42,F,2
42,G,2
42,H,2
42,I,1
42,K,2
42,L,2
42,M,2
42,N,1
42,P,1
42,Q,3
42,R,2
42,S,1
42,T,0
42,V,2
42,W,3
42,Y,2
42,-,3
43,A,1
43,C,3
43,D,2
43,E,1
43,F,2
43,G,1
43,H,3
43,I,2
43,K,2
43,L,1
43,M,1
43,N,3
43,P,2
43,Q,2
43,R,2
43,S,2
43,T,2
43,V,0
43,W,2
43,Y,3
43,-,3
44,A,1
44,C,3
44,D,1
44,E,0
44,F,3
44,G,1
44,H,2
44,I,2
44,K,1
44,L,2
44,M,3
44,N,2
44,P,2
44,Q,1
44,R,2
44,S,2
44,T,2
44,V,1
44,W,3
44,Y,2
44,-,3
45,A,2
45,C,2
45,D,3
45,E,2
45,F,3
45,G,1
45,H,2
45,I,3
45,K,2
45,L,1
45,M,2
45,N,3
45,P,1
45,Q,1
45,R,0
45,S,2
45,T,2
45,V,2
45,W,1
45,Y,3
45,-,3
46,A,1
46,C,3
46,D,3
46,E,2
46,F,3
46,G,2
46,H,3
46,I,1
46,K,1
46,L,2
46,M,2
46,N,2
46,P,1
46,Q,2
46,R,1
46,S,1
46,T,0
46,V,2
46,W,3
46,Y,3
46,-,3
47,A,2
47,C,2
47,D,1
47,E,2
47,F,2
47,G,2
47,H,1
47,I,1
47,K,1
47,L,2
47,M,2
47,N,0
47,P,2
47,Q,2
47,R,2
47,S,1
47,T,1
47,V,2
47,W,3
47,Y,1
47,-,3
48,A,2
48,C,2
48,D,2
48,E,3
48,F,1
48,G,2
48,H,2
48,I,0
48,K,2
48,L,1
48,M,1
48,N,1
48,P,2
48,Q,3
48,R,2
48,S,1
48,T,1
48,V,1
48,W,3
48,Y,2
48,-,3
49,A,1
49,C,2
49,D,2
49,E,3
49,F,2
49,G,2
49,H,1
49,I,2
49,K,3
49,L,1
49,M,3
49,N,2
49,P,0
49,Q,2
49,R,1
49,S,1
49,T,1
49,V,2
49,W,3
49,Y,2
49,-,3
50,A,2
50,C,2
50,D,3
50,E,2
50,F,3
50,G,1
50,H,3
50,I,1
50,K,1
50,L,2
50,M,2
50,N,2
50,P,2
50,Q,2
50,R,0
50,S,1
50,T,1
50,V,2
50,W,2
50,Y,3
50,-,3
51,A,2
51,C,2
51,D,2
51,E,3
51,F,1
51,G,2
51,H,2
51,I,0
51,K,2
51,L,1
51,M,1
51,N,1
51,P,2
51,Q,3
51,R,2
51,S,1
51,T,1
51,V,1
51,W,3
51,Y,2
51,-,3
52,A,2
52,C,0
52,D,2
52,E,3
52,F,1
52,G,1
52,H,2
52,I,2
52,K,3
52,L,2
52,M,3
52,N,2
52,P,2
52,Q,3
52,R,1
52,S,1
52,T,2
52,V,2
52,W,1
52,Y,1
52,-,3
53,A,2
53,C,1
53,D,2
53,E,3
53,F,2
53,G,1
53,H,2
53,I,1
53,K,2
53,L,2
53,M,2
53,N,1
53,P,2
53,Q,3
53,R,1
53,S,0
53,T,1
53,V,2
53,W,2
53,Y,2
53,-,3
54,A,2
54,C,3
54,D,2
54,E,1
54,F,3
54,G,2
54,H,2
54,I,1
54,K,0
54,L,2
54,M,2
54,N,1
54,P,2
54,Q,1
54,R,1
54,S,2
54,T,1
54,V,2
54,W,3
54,Y,2
54,-,3
55,A,1
55,C,1
55,D,1
55,E,2
55,F,2
55,G,0
55,H,2
55,I,2
55,K,3
55,L,2
55,M,3
55,N,2
55,P,2
55,Q,3
55,R,1
55,S,1
55,T,2
55,V,1
55,W,2
55,Y,2
55,-,3
56,A,2
56,C,3
56,D,2
56,E,1
56,F,3
56,G,2
56,H,2
56,I,2
56,K,0
56,L,2
56,M,1
56,N,1
56,P,2
56,Q,1
56,R,1
56,S,2
56,T,1
56,V,2
56,W,2
56,Y,2
56,-,3
57,A,2
57,C,2
57,D,3
57,E,2
57,F,3
57,G,1
57,H,2
57,I,3
57,K,2
57,L,1
57,M,2
57,N,3
57,P,1
57,Q,1
57,R,0
57,S,2
57,T,2
57,V,2
57,W,1
57,Y,3
57,-,3
58,A,1
58,C,3
58,D,3
58,E,2
58,F,3
58,G,2
58,H,3
58,I,1
58,K,1
58,L,2
58,M,2
58,N,2
58,P,1
58,Q,2
58,R,1
58,S,1
58,T,0
58,V,2
58,W,3
58,Y,3
58,-,3
59,A,1
59,C,3
59,D,2
59,E,1
59,F,2
59,G,1
59,H,3
59,I,2
59,K,2
59,L,1
59,M,1
59,N,3
59,P,2
59,Q,2
59,R,2
59,S,2
59,T,2
59,V,0
59,W,2
59,Y,3
59,-,3
60,A,1
60,C,2
60,D,0
60,E,1
60,F,2
60,G,1
60,H,1
60,I,2
60,K,2
60,L,2
60,M,3
60,N,1
60,P,2
60,Q,2
60,R,2
60,S,2
60,T,2
60,V,1
60,W,3
60,Y,1
60,-,3
61,A,2
61,C,3
61,D,3
61,E,2
61,F,2
61,G,2
61,H,2
61,I,1
61,K,2
61,L,0
61,M,2
61,N,3
61,P,1
61,Q,1
61,R,1
61,S,2
61,T,2
61,V,1
61,W,3
61,Y,3
61,-,3
62,A,1
62,C,2
62,D,2
62,E,1
62,F,3
62,G,0
62,H,3
62,I,2
62,K,2
62,L,2
62,M,3
62,N,3
62,P,2
62,Q,2
62,R,1
62,S,2
62,T,2
62,V,1
62,W,2
62,Y,3
62,-,3
63,A,2
63,C,3
63,D,2
63,E,1
63,F,3
63,G,2
63,H,1
63,I,3
63,K,1
63,L,1
63,M,2
63,N,2
63,P,1
63,Q,0
63,R,1
63,S,2
63,T,2
63,V,2
63,W,2
63,Y,2
63,-,3
64,A,2
64,C,0
64,D,2
64,E,3
64,F,1
64,G,1
64,H,2
64,I,2
64,K,3
64,L,2
64,M,3
64,N,2
64,P,2
64,Q,3
64,R,1
64,S,1
64,T,2
64,V,2
64,W,1
64,Y,1
64,-,3
65,A,1
65,C,1
65,D,1
65,E,2
65,F,2
65,G,0
65,H,2
65,I,2
65,K,3
65,L,2
65,M,3
65,N,2
65,P,2
65,Q,3
65,R,1
65,S,1
65,T,2
65,V,1
65,W,2
65,Y,2
65,-,3
66,A,2
66,C,2
66,D,2
66,E,3
66,F,1
66,G,2
66,H,1
66,I,1
66,K,3
66,L,0
66,M,2
66,N,2
66,P,1
66,Q,2
66,R,1
66,S,2
66,T,2
66,V,1
66,W,3
66,Y,2
66,-,3
67,A,2
67,C,3
67,D,3
67,E,2
67,F,2
67,G,2
67,H,2
67,I,2
67,K,2
67,L,0
67,M,1
67,N,3
67,P,1
67,Q,1
67,R,1
67,S,2
67,T,2
67,V,1
67,W,2
67,Y,3
67,-,3
68,A,1
68,C,1
68,D,1
68,E,2
68,F,2
68,G,0
68,H,2
68,I,2
68,K,3
68,L,2
68,M,3
68,N,2
68,P,2
68,Q,3
68,R,1
68,S,1
68,T,2
68,V,1
68,W,2
68,Y,2
68,-,3
69,A,1
69,C,3
69,D,3
69,E,2
69,F,3
69,G,2
69,H,3
69,I,1
69,K,1
69,L,2
69,M,2
69,N,2
69,P,1
69,Q,2
69,R,1
69,S,1
69,T,0
69,V,2
69,W,3
69,Y,3
69,-,3
70,A,2
70,C,2
70,D,2
70,E,3
70,F,1
70,G,2
70,H,2
70,I,0
70,K,2
70,L,1
70,M,1
70,N,1
70,P,2
70,Q,3
70,R,2
70,S,1
70,T,1
70,V,1
70,W,3
70,Y,2
70,-,3
71,A,1
71,C,2
71,D,2
71,E,3
71,F,2
71,G,2
71,H,2
71,I,1
71,K,2
71,L,2
71,M,2
71,N,1
71,P,1
71,Q,3
71,R,2
71,S,1
71,T,0
71,V,2
71,W,3
71,Y,2
71,-,3
72,A,1
72,C,1
72,D,1
72,E,2
72,F,2
72,G,0
72,H,2
72,I,2
72,K,3
72,L,2
72,M,3
72,N,2
72,P,2
72,Q,3
72,R,1
72,S,1
72,T,2
72,V,1
72,W,2
72,Y,2
72,-,3
73,A,1
73,C,2
73,D,2
73,E,3
73,F,2
73,G,2
73,H,1
73,I,2
73,K,3
73,L,1
73,M,3
73,N,2
73,P,0
73,Q,2
73,R,1
73,S,1
73,T,1
73,V,2
73,W,3
73,Y,2
73,-,3
74,A,1
74,C,2
74,D,2
74,E,3
74,F,2
74,G,2
74,H,1
74,I,2
74,K,3
74,L,1
74,M,3
74,N,2
74,P,0
74,Q,2
74,R,1
74,S,1
74,T,1
74,V,2
74,W,3
74,Y,2
74,-,3
75,A,2
75,C,3
75,D,2
75,E,1
75,F,3
75,G,2
75,H,1
75,I,2
75,K,1
75,L,1
75,M,3
75,N,2
75,P,1
75,Q,0
75,R,1
75,S,2
75,T,2
75,V,2
75,W,3
75,Y,2
75,-,3
76,A,2
76,C,0
76,D,2
76,E,3
76,F,1
76,G,1
76,H,2
76,I,2
76,K,3
76,L,2
76,M,3
76,N,2
76,P,2
76,Q,3
76,R,1
76,S,1
76,T,2
76,V,2
76,W,1
76,Y,1
76,-,3
77,A,1
77,C,2
77,D,0
77,E,1
77,F,2
77,G,1
77,H,1
77,I,2
77,K,2
77,L,2
77,M,3
77,N,1
77,P,2
77,Q,2
77,R,2
77,S,2
77,T,2
77,V,1
77,W,3
77,Y,1
77,-,3
78,A,2
78,C,3
78,D,2
78,E,1
78,F,3
78,G,2
78,H,1
78,I,3
78,K,1
78,L,1
78,M,2
78,N,2
78,P,1
78,Q,0
78,R,1
78,S,2
78,T,2
78,V,2
78,W,2
78,Y,2
78,-,3
79,A,2
79,C,1
79,D,2
79,E,3
79,F,0
79,G,2
79,H,2
79,I,1
79,K,3
79,L,1
79,M,2
79,N,2
79,P,2
79,Q,3
79,R,2
79,S,1
79,T,2
79,V,1
79,W,2
79,Y,1
79,-,3
80,A,2
80,C,3
80,D,3
80,E,2
80,F,2
80,G,2
80,H,2
80,I,2
80,K,2
80,L,0
80,M,1
80,N,3
80,P,1
80,Q,1
80,R,1
80,S,2
80,T,2
80,V,1
80,W,2
80,Y,3
80,-,3
81,A,1
81,C,3
81,D,1
81,E,0
81,F,3
81,G,1
81,H,2
81,I,2
81,K,1
81,L,2
81,M,3
81,N,2
81,P,2
81,Q,1
81,R,2
81,S,2
81,T,2
81,V,1
81,W,3
81,Y,2
81,-,3
82,A,2
82,C,1
82,D,2
82,E,3
82,F,0
82,G,2
82,H,2
82,I,1
82,K,3
82,L,1
82,M,2
82,N,2
82,P,2
82,Q,3
82,R,2
82,S,1
82,T,2
82,V,1
82,W,2
82,Y,1
82,-,3
83,A,2
83,C,1
83,D,2
83,E,3
83,F,2
83,G,1
83,H,2
83,I,1
83,K,2
83,L,2
83,M,2
83,N,1
83,P,2
83,Q,3
83,R,1
83,S,0
83,T,1
83,V,2
83,W,2
83,Y,2
83,-,3
84,A,0
84,C,2
84,D,1
84,E,2
84,F,2
84,G,1
84,H,2
84,I,2
84,K,3
84,L,2
84,M,3
84,N,2
84,P,1
84,Q,3
84,R,2
84,S,1
84,T,1
84,V,1
84,W,3
84,Y,2
84,-,3
85,A,1
85,C,2
85,D,0
85,E,1
85,F,2
85,G,1
85,H,1
85,I,2
85,K,2
85,L,2
85,M,3
85,N,1
85,P,2
85,Q,2
85,R,2
85,S,2
85,T,2
85,V,1
85,W,3
85,Y,1
85,-,3
86,A,2
86,C,3
86,D,3
86,E,2
86,F,2
86,G,2
86,H,2
86,I,2
86,K,2
86,L,0
86,M,1
86,N,3
86,P,1
86,Q,1
86,R,1
86,S,2
86,T,2
86,V,1
86,W,2
86,Y,3
86,-,3
87,A,2
87,C,2
87,D,2
87,E,3
87,F,1
87,G,2
87,H,2
87,I,0
87,K,2
87,L,1
87,M,1
87,N,1
87,P,2
87,Q,3
87,R,2
87,S,1
87,T,1
87,V,1
87,W,3
87,Y,2
87,-,3
88,A,2
88,C,2
88,D,2
88,E,3
88,F,1
88,G,2
88,H,2
88,I,0
88,K,2
88,L,1
88,M,1
88,N,1
88,P,2
88,Q,3
88,R,2
88,S,1
88,T,1
88,V,1
88,W,3
88,Y,2
88,-,3
89,A,1
89,C,3
89,D,1
89,E,0
89,F,3
89,G,1
89,H,2
89,I,3
89,K,1
89,L,2
89,M,2
89,N,2
89,P,2
89,Q,1
89,R,2
89,S,2
89,T,2
89,V,1
89,W,2
89,Y,2
89,-,3
90,A,2
90,C,1
90,D,2
90,E,3
90,F,2
90,G,1
90,H,1
90,I,2
90,K,3
90,L,1
90,M,3
90,N,2
90,P,1
90,Q,2
90,R,0
90,S,1
90,T,2
90,V,2
90,W,2
90,Y,2
90,-,3
91,A,2
91,C,2
91,D,3
91,E,2
91,F,3
91,G,1
91,H,3
91,I,1
91,K,1
91,L,2
91,M,2
91,N,2
91,P,2
91,Q,2
91,R,0
91,S,1
91,T,1
91,V,2
91,W,2
91,Y,3
91,-,3
92,A,1
92,C,3
92,D,1
92,E,0
92,F,3
92,G,1
92,H,2
92,I,2
92,K,1
92,L,2
92,M,3
92,N,2
92,P,2
92,Q,1
92,R,2
92,S,2
92,T,2
92,V,1
92,W,3
92,Y,2
92,-,3
93,A,1
93,C,1
93,D,1
93,E,2
93,F,2
93,G,0
93,H,2
93,I,2
93,K,3
93,L,2
93,M,3
93,N,2
93,P,2
93,Q,3
93,R,1
93,S,1
93,T,2
93,V,1
93,W,2
93,Y,2
93,-,3
94,A,1
94,C,1
94,D,2
94,E,3
94,F,1
94,G,2
94,H,2
94,I,2
94,K,3
94,L,2
94,M,3
94,N,2
94,P,1
94,Q,3
94,R,2
94,S,0
94,T,1
94,V,2
94,W,2
94,Y,1
94,-,3
95,A,1
95,C,2
95,D,0
95,E,1
95,F,2
95,G,1
95,H,1
95,I,2
95,K,2
95,L,2
95,M,3
95,N,1
95,P,2
95,Q,2
95,R,2
95,S,2
95,T,2
95,V,1
95,W,3
95,Y,1
95,-,3
96,A,1
96,C,2
96,D,1
96,E,2
96,F,1
96,G,1
96,H,2
96,I,1
96,K,3
96,L,1
96,M,2
96,N,2
96,P,2
96,Q,3
96,R,2
96,S,2
96,T,2
96,V,0
96,W,3
96,Y,2
96,-,3
97,A,2
97,C,0
97,D,2
97,E,3
97,F,1
97,G,1
97,H,2
97,I,2
97,K,3
97,L,2
97,M,3
97,N,2
97,P,2
97,Q,3
97,R,1
97,S,1
97,T,2
97,V,2
97,W,1
97,Y,1
97,-,3
98,A,2
98,C,1
98,D,1
98,E,2
98,F,1
98,G,2
98,H,1
98,I,2
98,K,2
98,L,2
98,M,3
98,N,1
98,P,2
98,Q,2
98,R,2
98,S,1
98,T,2
98,V,2
98,W,2
98,Y,0
98,-,3
99,A,1
99,C,2
99,D,2
99,E,3
99,F,2
99,G,2
99,H,1
99,I,2
99,K,3
99,L,1
99,M,3
99,N,2
99,P,0
99,Q,2
99,R,1
99,S,1
99,T,1
99,V,2
99,W,3
99,Y,2
99,-,3
100,A,1
100,C,1
100,D,1
100,E,2
100,F,2
100,G,0
100,H,2
100,I,2
100,K,3
100,L,2
100,M,3
100,N,2
100,P,2
100,Q,3
100,R,1
100,S,1
100,T,2
100,V,1
100,W,2
100,Y,2
100,-,3
101,A,2
101,C,3
101,D,2
101,E,1
101,F,3
101,G,2
101,H,2
101,I,1
101,K,0
101,L,2
101,M,2
101,N,1
101,P,2
101,Q,1
101,R,1
101,S,2
101,T,1
101,V,2
101,W,3
101,Y,2
101,-,3
102,A,2
102,C,1
102,D,2
102,E,3
102,F,0
102,G,2
102,H,2
102,I,1
102,K,3
102,L,1
102,M,2
102,N,2
102,P,2
102,Q,3
102,R,2
102,S,1
102,T,2
102,V,1
102,W,2
102,Y,1
102,-,3
103,A,1
103,C,3
103,D,2
103,E,1
103,F,2
103,G,1
103,H,3
103,I,2
103,K,2
103,L,1
103,M,1
103,N,3
103,P,2
103,Q,2
103,R,2
103,S,2
103,T,2
103,V,0
103,W,2
103,Y,3
103,-,3
104,A,2
104,C,2
104,D,1
104,E,2
104,F,2
104,G,2
104,H,1
104,I,1
104,K,1
104,L,2
104,M,2
104,N,0
104,P,2
104,Q,2
104,R,2
104,S,1
104,T,1
104,V,2
104,W,3
104,Y,1
104,-,3
105,A,1
105,C,3
105,D,1
105,E,0
105,F,3
105,G,1
105,H,2
105,I,3
105,K,1
105,L,2
105,M,2
105,N,2
105,P,2
105,Q,1
105,R,2
105,S,2
105,T,2
105,V,1
105,W,2
105,Y,2
105,-,3
106,A,1
106,C,3
106,D,1
106,E,0
106,F,3
106,G,1
106,H,2
106,I,2
106,K,1
106,L,2
106,M,3
106,N,2
106,P,2
106,Q,1
106,R,2
106,S,2
106,T,2
106,V,1
106,W,3
106,Y,2
106,-,3
107,A,0
107,C,2
107,D,1
107,E,2
107,F,2
107,G,1
107,H,2
107,I,2
107,K,3
107,L,2
107,M,3
107,N,2
107,P,1
107,Q,3
107,R,2
107,S,1
107,T,1
107,V,1
107,W,3
107,Y,2
107,-,3
108,A,2
108,C,3
108,D,3
108,E,2
108,F,2
108,G,2
108,H,2
108,I,2
108,K,2
108,L,0
108,M,1
108,N,3
108,P,1
108,Q,1
108,R,1
108,S,2
108,T,2
108,V,1
108,W,2
108,Y,3
108,-,3
109,A,2
109,C,2
109,D,3
109,E,2
109,F,3
109,G,1
109,H,3
109,I,1
109,K,1
109,L,2
109,M,2
109,N,2
109,P,2
109,Q,2
109,R,0
109,S,1
109,T,1
109,V,2
109,W,2
109,Y,3
109,-,3
110,A,2
110,C,3
110,D,2
110,E,1
110,F,3
110,G,2
110,H,1
110,I,3
110,K,1
110,L,1
110,M,2
110,N,2
110,P,1
110,Q,0
110,R,1
110,S,2
110,T,2
110,V,2
110,W,2
110,Y,2
110,-,3
111,A,2
111,C,2
111,D,2
111,E,3
111,F,1
111,G,2
111,H,2
111,I,0
111,K,2
111,L,1
111,M,1
111,N,1
111,P,2
111,Q,3
111,R,2
111,S,1
111,T,1
111,V,1
111,W,3
111,Y,2
111,-,3
112,A,2
112,C,3
112,D,3
112,E,2
112,F,2
112,G,2
112,H,2
112,I,2
112,K,2
112,L,0
112,M,1
112,N,3
112,P,1
112,Q,1
112,R,1
112,S,2
112,T,2
112,V,1
112,W,2
112,Y,3
112,-,3
113,A,2
113,C,2
113,D,3
113,E,2
113,F,3
113,G,1
113,H,2
113,I,2
113,K,2
113,L,1
113,M,3
113,N,3
113,P,1
113,Q,1
113,R,0
113,S,2
113,T,2
113,V,2
113,W,2
113,Y,3
113,-,3
114,A,1
114,C,3
114,D,1
114,E,0
114,F,3
114,G,1
114,H,2
114,I,3
114,K,1
114,L,2
114,M,2
114,N,2
114,P,2
114,Q,1
114,R,2
114,S,2
114,T,2
114,V,1
114,W,2
114,Y,2
114,-,3
115,A,2
115,C,1
115,D,2
115,E,3
115,F,2
115,G,1
115,H,2
115,I,1
115,K,2
115,L,2
115,M,2
115,N,1
115,P,2
115,Q,3
115,R,1
115,S,0
115,T,1
115,V,2
115,W,2
115,Y,2
115,-,3
116,A,1
116,C,1
116,D,1
116,E,2
116,F,2
116,G,0
116,H,2
116,I,2
116,K,3
116,L,2
116,M,3
116,N,2
116,P,2
116,Q,3
116,R,1
116,S,1
116,T,2
116,V,1
116,W,2
116,Y,2
116,-,3
117,A,1
117,C,1
117,D,1
117,E,2
117,F,2
117,G,0
117,H,2
117,I,2
117,K,3
117,L,2
117,M,3
117,N,2
117,P,2
117,Q,3
117,R,1
117,S,1
117,T,2
117,V,1
117,W,2
117,Y,2
117,-,3
118,A,2
118,C,2
118,D,2
118,E,3
118,F,1
118,G,2
118,H,2
118,I,0
118,K,2
118,L,1
118,M,1
118,N,1
118,P,2
118,Q,3
118,R,2
118,S,1
118,T,1
118,V,1
118,W,3
118,Y,2
118,-,3
119,A,1
119,C,2
119,D,0
119,E,1
119,F,2
119,G,1
119,H,1
119,I,2
119,K,2
119,L,2
119,M,3
119,N,1
119,P,2
119,Q,2
119,R,2
119,S,2
119,T,2
119,V,1
119,W,3
119,Y,1
119,-,3
120,A,2
120,C,3
120,D,2
120,E,1
120,F,3
120,G,2
120,H,2
120,I,1
120,K,0
120,L,2
120,M,2
120,N,1
120,P,2
120,Q,1
120,R,1
120,S,2
120,T,1
120,V,2
120,W,3
120,Y,2
120,-,3
121,A,1
121,C,3
121,D,1
121,E,0
121,F,3
121,G,1
121,H,2
121,I,3
121,K,1
121,L,2
121,M,2
121,N,2
121,P,2
121,Q,1
121,R,2
121,S,2
121,T,2
121,V,1
121,W,2
121,Y,2
121,-,3
122,A,0
122,C,2
122,D,1
122,E,2
122,F,2
122,G,1
122,H,2
122,I,2
122,K,3
122,L,2
122,M,3
122,N,2
122,P,1
122,Q,3
122,R,2
122,S,1
122,T,1
122,V,1
122,W,3
122,Y,2
122,-,3
123,A,2
123,C,3
123,D,3
123,E,2
123,F,2
123,G,2
123,H,3
123,I,1
123,K,1
123,L,1
123,M,0
123,N,2
123,P,2
123,Q,2
123,R,1
123,S,2
123,T,1
123,V,1
123,W,2
123,Y,3
123,-,3
124,A,1
124,C,1
124,D,1
124,E,2
124,F,2
124,G,0
124,H,2
124,I,2
124,K,3
124,L,2
124,M,3
124,N,2
124,P,2
124,Q,3
124,R,1
124,S,1
124,T,2
124,V,1
124,W,2
124,Y,2
124,-,3
125,A,2
125,C,1
125,D,2
125,E,3
125,F,0
125,G,2
125,H,2
125,I,1
125,K,3
125,L,1
125,M,2
125,N,2
125,P,2
125,Q,3
125,R,2
125,S,1
125,T,2
125,V,1
125,W,2
125,Y,1
125,-,3
126,A,1
126,C,2
126,D,2
126,E,3
126,F,2
126,G,2
126,H,2
126,I,1
126,K,2
126,L,2
126,M,2
126,N,1
126,P,1
126,Q,3
126,R,2
126,S,1
126,T,0
126,V,2
126,W,3
126,Y,2
126,-,3
127,A,2
127,C,1
127,D,1
127,E,2
127,F,1
127,G,2
127,H,1
127,I,2
127,K,2
127,L,2
127,M,3
127,N,1
127,P,2
127,Q,2
127,R,2
127,S,1
127,T,2
127,V,2
127,W,2
127,Y,0
127,-,3
128,A,2
128,C,1
128,D,2
128,E,3
128,F,2
128,G,1
128,H,2
128,I,1
128,K,2
128,L,2
128,M,2
128,N,1
128,P,2
128,Q,3
128,R,1
128,S,0
128,T,1
128,V,2
128,W,2
128,Y,2
128,-,3
129,A,1
129,C,2
129,D,2
129,E,1
129,F,3
129,G,0
129,H,3
129,I,2
129,K,2
129,L,2
129,M,3
129,N,3
129,P,2
129,Q,2
129,R,1
129,S,2
129,T,2
129,V,1
129,W,2
129,Y,3
129,-,3
130,A,2
130,C,2
130,D,2
130,E,3
130,F,1
130,G,2
130,H,2
130,I,0
130,K,2
130,L,1
130,M,1
130,N,1
130,P,2
130,Q,3
130,R,2
130,S,1
130,T,1
130,V,1
130,W,3
130,Y,2
130,-,3
131,A,2
131,C,2
131,D,3
131,E,2
131,F,3
131,G,1
131,H,3
131,I,1
131,K,1
131,L,2
131,M,2
131,N,2
131,P,2
131,Q,2
131,R,0
131,S,1
131,T,1
131,V,2
131,W,2
131,Y,3
131,-,3
132,A,1
132,C,2
132,D,2
132,E,3
132,F,2
132,G,2
132,H,2
132,I,1
132,K,2
132,L,2
132,M,2
132,N,1
132,P,1
132,Q,3
132,R,2
132,S,1
132,T,0
132,V,2
132,W,3
132,Y,2
132,-,3
133,A,2
133,C,2
133,D,1
133,E,2
133,F,2
133,G,2
133,H,1
133,I,1
133,K,1
133,L,2
133,M,2
133,N,0
133,P,2
133,Q,2
133,R,2
133,S,1
133,T,1
133,V,2
133,W,3
133,Y,1
133,-,3
134,A,1
134,C,2
134,D,2
134,E,1
134,F,3
134,G,0
134,H,3
134,I,2
134,K,2
134,L,2
134,M,3
134,N,3
134,P,2
134,Q,2
134,R,1
134,S,2
134,T,2
134,V,1
134,W,2
134,Y,3
134,-,3
135,A,0
135,C,2
135,D,1
135,E,2
135,F,2
135,G,1
135,H,2
135,I,2
135,K,3
135,L,2
135,M,3
135,N,2
135,P,1
135,Q,3
135,R,2
135,S,1
135,T,1
135,V,1
135,W,3
135,Y,2
135,-,3
136,A,1
136,C,3
136,D,3
136,E,2
136,F,3
136,G,2
136,H,3
136,I,1
136,K,1
136,L,2
136,M,2
136,N,2
136,P,1
136,Q,2
136,R,1
136,S,1
136,T,0
136,V,2
136,W,3
136,Y,3
136,-,3
137,A,2
137,C,1
137,D,2
137,E,3
137,F,2
137,G,1
137,H,2
137,I,1
137,K,2
137,L,2
137,M,2
137,N,1
137,P,2
137,Q,3
137,R,1
137,S,0
137,T,1
137,V,2
137,W,2
137,Y,2
137,-,3
138,A,0
138,C,2
138,D,1
138,E,2
138,F,2
138,G,1
138,H,2
138,I,2
138,K,3
138,L,2
138,M,3
138,N,2
138,P,1
138,Q,3
138,R,2
138,S,1
138,T,1
138,V,1
138,W,3
138,Y,2
138,-,3
139,A,2
139,C,0
139,D,2
139,E,3
139,F,1
139,G,1
139,H,2
139,I,2
139,K,3
139,L,2
139,M,3
139,N,2
139,P,2
139,Q,3
139,R,1
139,S,1
139,T,2
139,V,2
139,W,1
139,Y,1
139,-,3
140,A,2
140,C,2
140,D,3
140,E,2
140,F,3
140,G,1
140,H,3
140,I,1
140,K,1
140,L,2
140,M,2
140,N,2
140,P,2
140,Q,2
140,R,0
140,S,1
140,T,1
140,V,2
140,W,2
140,Y,3
140,-,3
141,A,2
141,C,2
141,D,3
141,E,2
141,F,3
141,G,1
141,H,2
141,I,3
141,K,2
141,L,1
141,M,2
141,N,3
141,P,1
141,Q,1
141,R,0
141,S,2
141,T,2
141,V,2
141,W,1
141,Y,3
141,-,3
143,A,1
143,C,1
143,D,2
143,E,3
143,F,1
143,G,2
143,H,2
143,I,2
143,K,3
143,L,2
143,M,3
143,N,2
143,P,1
143,Q,3
143,R,2
143,S,0
143,T,1
143,V,2
143,W,2
143,Y,1
143,-,3
144,A,1
144,C,1
144,D,1
144,E,2
144,F,2
144,G,0
144,H,2
144,I,2
144,K,3
144,L,2
144,M,3
144,N,2
144,P,2
144,Q,3
144,R,1
144,S,1
144,T,2
144,V,1
144,W,2
144,Y,2
144,-,3
145,A,2
145,C,1
145,D,2
145,E,3
145,F,2
145,G,1
145,H,2
145,I,1
145,K,2
145,L,2
145,M,2
145,N,1
145,P,2
145,Q,3
145,R,1
145,S,0
145,T,1
145,V,2
145,W,2
145,Y,2
145,-,3
146,A,2
146,C,1
146,D,2
146,E,3
146,F,2
146,G,1
146,H,2
146,I,1
146,K,2
146,L,2
146,M,2
146,N,1
146,P,2
146,Q,3
146,R,1
146,S,0
146,T,1
146,V,2
146,W,2
146,Y,2
146,-,3
147,A,2
147,C,1
147,D,2
147,E,3
147,F,0
147,G,2
147,H,2
147,I,1
147,K,3
147,L,1
147,M,2
147,N,2
147,P,2
147,Q,3
147,R,2
147,S,1
147,T,2
147,V,1
147,W,2
147,Y,1
147,-,3
148,A,2
148,C,1
148,D,1
148,E,2
148,F,1
148,G,2
148,H,1
148,I,2
148,K,2
148,L,2
148,M,3
148,N,1
148,P,2
148,Q,2
148,R,2
148,S,1
148,T,2
148,V,2
148,W,2
148,Y,0
148,-,3
149,A,0
149,C,2
149,D,1
149,E,2
149,F,2
149,G,1
149,H,2
149,I,2
149,K,3
149,L,2
149,M,3
149,N,2
149,P,1
149,Q,3
149,R,2
149,S,1
149,T,1
149,V,1
149,W,3
149,Y,2
149,-,3
150,A,1
150,C,3
150,D,1
150,E,0
150,F,3
150,G,1
150,H,2
150,I,3
150,K,1
150,L,2
150,M,2
150,N,2
150,P,2
150,Q,1
150,R,2
150,S,2
150,T,2
150,V,1
150,W,2
150,Y,2
150,-,3
151,A,2
151,C,3
151,D,3
151,E,2
151,F,2
151,G,2
151,H,3
151,I,1
151,K,1
151,L,1
151,M,0
151,N,2
151,P,2
151,Q,2
151,R,1
151,S,2
151,T,1
151,V,1
151,W,2
151,Y,3
151,-,3
152,A,2
152,C,3
152,D,2
152,E,1
152,F,3
152,G,2
152,H,2
152,I,1
152,K,0
152,L,2
152,M,2
152,N,1
152,P,2
152,Q,1
152,R,1
152,S,2
152,T,1
152,V,2
152,W,3
152,Y,2
152,-,3
153,A,2
153,C,1
153,D,3
153,E,2
153,F,2
153,G,1
153,H,3
153,I,3
153,K,2
153,L,1
153,M,2
153,N,3
153,P,2
153,Q,2
153,R,1
153,S,1
153,T,2
153,V,2
153,W,0
153,Y,2
153,-,3
154,A,2
154,C,3
154,D,3
154,E,2
154,F,2
154,G,2
154,H,2
154,I,2
154,K,2
154,L,0
154,M,1
154,N,3
154,P,1
154,Q,1
154,R,1
154,S,2
154,T,2
154,V,1
154,W,2
154,Y,3
154,-,3
155,A,2
155,C,3
155,D,3
155,E,2
155,F,2
155,G,2
155,H,2
155,I,2
155,K,2
155,L,0
155,M,1
155,N,3
155,P,1
155,Q,1
155,R,1
155,S,2
155,T,2
155,V,1
155,W,2
155,Y,3
155,-,3
156,A,1
156,C,1
156,D,2
156,E,3
156,F,1
156,G,2
156,H,2
156,I,2
156,K,3
156,L,2
156,M,3
156,N,2
156,P,1
156,Q,3
156,R,2
156,S,0
156,T,1
156,V,2
156,W,2
156,Y,1
156,-,3
157,A,2
157,C,2
157,D,1
157,E,2
157,F,2
157,G,2
157,H,1
157,I,1
157,K,1
157,L,2
157,M,2
157,N,0
157,P,2
157,Q,2
157,R,2
157,S,1
157,T,1
157,V,2
157,W,3
157,Y,1
157,-,3
158,A,1
158,C,2
158,D,2
158,E,3
158,F,2
158,G,2
158,H,2
158,I,1
158,K,2
158,L,2
158,M,2
158,N,1
158,P,1
158,Q,3
158,R,2
158,S,1
158,T,0
158,V,2
158,W,3
158,Y,2
158,-,3
158a,A,1
158a,C,2
158a,D,0
158a,E,1
158a,F,2
158a,G,1
158a,H,1
158a,I,2
158a,K,2
158a,L,2
158a,M,3
158a,N,1
158a,P,2
158a,Q,2
158a,R,2
158a,S,2
158a,T,2
158a,V,1
158a,W,3
158a,Y,1
158a,-,3
158b,A,2
158b,C,2
158b,D,1
158b,E,2
158b,F,2
158b,G,2
158b,H,1
158b,I,1
158b,K,1
158b,L,2
158b,M,2
158b,N,0
158b,P,2
158b,Q,2
158b,R,2
158b,S,1
158b,T,1
158b,V,2
158b,W,3
158b,Y,1
158b,-,3
159,A,0
159,C,2
159,D,1
159,E,2
159,F,2
159,G,1
159,H,2
159,I,2
159,K,3
159,L,2
159,M,3
159,N,2
159,P,1
159,Q,3
159,R,2
159,S,1
159,T,1
159,V,1
159,W,3
159,Y,2
159,-,3
160,A,0
160,C,2
160,D,1
160,E,2
160,F,2
160,G,1
160,H,2
160,I,2
160,K,3
160,L,2
160,M,3
160,N,2
160,P,1
160,Q,3
160,R,2
160,S,1
160,T,1
160,V,1
160,W,3
160,Y,2
160,-,3
161,A,2
161,C,1
161,D,2
161,E,3
161,F,0
161,G,2
161,H,2
161,I,1
161,K,3
161,L,1
161,M,2
161,N,2
161,P,2
161,Q,3
161,R,2
161,S,1
161,T,2
161,V,1
161,W,2
161,Y,1
161,-,3
162,A,1
162,C,2
162,D,2
162,E,3
162,F,2
162,G,2
162,H,1
162,I,2
162,K,3
162,L,1
162,M,3
162,N,2
162,P,0
162,Q,2
162,R,1
162,S,1
162,T,1
162,V,2
162,W,3
162,Y,2
162,-,3
163,A,2
163,C,3
163,D,2
163,E,1
163,F,3
163,G,2
163,H,1
163,I,2
163,K,1
163,L,1
163,M,3
163,N,2
163,P,1
163,Q,0
163,R,1
163,S,2
163,T,2
163,V,2
163,W,3
163,Y,2
163,-,3
164,A,2
164,C,3
164,D,3
164,E,2
164,F,2
164,G,2
164,H,3
164,I,1
164,K,1
164,L,1
164,M,0
164,N,2
164,P,2
164,Q,2
164,R,1
164,S,2
164,T,1
164,V,1
164,W,2
164,Y,3
164,-,3
165,A,1
165,C,2
165,D,2
165,E,3
165,F,2
165,G,2
165,H,2
165,I,1
165,K,2
165,L,2
165,M,2
165,N,1
165,P,1
165,Q,3
165,R,2
165,S,1
165,T,0
165,V,2
165,W,3
165,Y,2
165,-,3
166,A,2
166,C,3
166,D,2
166,E,1
166,F,3
166,G,2
166,H,2
166,I,2
166,K,0
166,L,2
166,M,1
166,N,1
166,P,2
166,Q,1
166,R,1
166,S,2
166,T,1
166,V,2
166,W,2
166,Y,2
166,-,3
167,A,1
167,C,2
167,D,3
167,E,2
167,F,2
167,G,2
167,H,3
167,I,2
167,K,2
167,L,1
167,M,3
167,N,3
167,P,1
167,Q,2
167,R,2
167,S,0
167,T,1
167,V,2
167,W,2
167,Y,2
167,-,3
168,A,2
168,C,1
168,D,1
168,E,2
168,F,1
168,G,2
168,H,1
168,I,2
168,K,2
168,L,2
168,M,3
168,N,1
168,P,2
168,Q,2
168,R,2
168,S,1
168,T,2
168,V,2
168,W,2
168,Y,0
168,-,3
169,A,2
169,C,3
169,D,2
169,E,1
169,F,3
169,G,2
169,H,2
169,I,2
169,K,0
169,L,2
169,M,1
169,N,1
169,P,2
169,Q,1
169,R,1
169,S,2
169,T,1
169,V,2
169,W,2
169,Y,2
169,-,3
170,A,2
170,C,2
170,D,1
170,E,2
170,F,2
170,G,2
170,H,1
170,I,1
170,K,1
170,L,2
170,M,2
170,N,0
170,P,2
170,Q,2
170,R,2
170,S,1
170,T,1
170,V,2
170,W,3
170,Y,1
170,-,3
171,A,1
171,C,2
171,D,2
171,E,3
171,F,2
171,G,2
171,H,2
171,I,1
171,K,2
171,L,2
171,M,2
171,N,1
171,P,1
171,Q,3
171,R,2
171,S,1
171,T,0
171,V,2
171,W,3
171,Y,2
171,-,3
172,A,2
172,C,2
172,D,3
172,E,2
172,F,3
172,G,1
172,H,2
172,I,3
172,K,2
172,L,1
172,M,2
172,N,3
172,P,1
172,Q,1
172,R,0
172,S,2
172,T,2
172,V,2
172,W,1
172,Y,3
172,-,3
173,A,2
173,C,3
173,D,2
173,E,1
173,F,3
173,G,2
173,H,2
173,I,2
173,K,0
173,L,2
173,M,1
173,N,1
173,P,2
173,Q,1
173,R,1
173,S,2
173,T,1
173,V,2
173,W,2
173,Y,2
173,-,3
174,A,1
174,C,1
174,D,2
174,E,3
174,F,1
174,G,2
174,H,2
174,I,2
174,K,3
174,L,2
174,M,3
174,N,2
174,P,1
174,Q,3
174,R,2
174,S,0
174,T,1
174,V,2
174,W,2
174,Y,1
174,-,3
175,A,1
175,C,3
175,D,3
175,E,2
175,F,3
175,G,2
175,H,2
175,I,2
175,K,2
175,L,1
175,M,3
175,N,3
175,P,0
175,Q,1
175,R,1
175,S,1
175,T,1
175,V,2
175,W,3
175,Y,3
175,-,3
176,A,0
176,C,2
176,D,1
176,E,2
176,F,2
176,G,1
176,H,2
176,I,2
176,K,3
176,L,2
176,M,3
176,N,2
176,P,1
176,Q,3
176,R,2
176,S,1
176,T,1
176,V,1
176,W,3
176,Y,2
176,-,3
177,A,2
177,C,3
177,D,3
177,E,2
177,F,2
177,G,2
177,H,2
177,I,2
177,K,2
177,L,0
177,M,1
177,N,3
177,P,1
177,Q,1
177,R,1
177,S,2
177,T,2
177,V,1
177,W,2
177,Y,3
177,-,3
178,A,2
178,C,2
178,D,2
178,E,3
178,F,1
178,G,2
178,H,2
178,I,0
178,K,2
178,L,1
178,M,1
178,N,1
178,P,2
178,Q,3
178,R,2
178,S,1
178,T,1
178,V,1
178,W,3
178,Y,2
178,-,3
179,A,1
179,C,3
179,D,2
179,E,1
179,F,2
179,G,1
179,H,3
179,I,2
179,K,2
179,L,1
179,M,1
179,N,3
179,P,2
179,Q,2
179,R,2
179,S,2
179,T,2
179,V,0
179,W,2
179,Y,3
179,-,3
180,A,2
180,C,1
180,D,3
180,E,2
180,F,2
180,G,1
180,H,3
180,I,3
180,K,2
180,L,1
180,M,2
180,N,3
180,P,2
180,Q,2
180,R,1
180,S,1
180,T,2
180,V,2
180,W,0
180,Y,2
180,-,3
181,A,1
181,C,1
181,D,1
181,E,2
181,F,2
181,G,0
181,H,2
181,I,2
181,K,3
181,L,2
181,M,3
181,N,2
181,P,2
181,Q,3
181,R,1
181,S,1
181,T,2
181,V,1
181,W,2
181,Y,2
181,-,3
182,A,2
182,C,2
182,D,2
182,E,3
182,F,1
182,G,2
182,H,2
182,I,0
182,K,2
182,L,1
182,M,1
182,N,1
182,P,2
182,Q,3
182,R,2
182,S,1
182,T,1
182,V,1
182,W,3
182,Y,2
182,-,3
183,A,2
183,C,2
183,D,1
183,E,2
183,F,2
183,G,2
183,H,0
183,I,2
183,K,2
183,L,1
183,M,3
183,N,1
183,P,1
183,Q,1
183,R,1
183,S,2
183,T,2
183,V,2
183,W,3
183,Y,1
183,-,3
184,A,2
184,C,2
184,D,1
184,E,2
184,F,2
184,G,2
184,H,0
184,I,2
184,K,2
184,L,1
184,M,3
184,N,1
184,P,1
184,Q,1
184,R,1
184,S,2
184,T,2
184,V,2
184,W,3
184,Y,1
184,-,3
185,A,2
185,C,1
185,D,2
185,E,3
185,F,2
185,G,1
185,H,2
185,I,1
185,K,2
185,L,2
185,M,2
185,N,1
185,P,2
185,Q,3
185,R,1
185,S,0
185,T,1
185,V,2
185,W,2
185,Y,2
185,-,3
186,A,1
186,C,3
186,D,2
186,E,1
186,F,2
186,G,1
186,H,3
186,I,2
186,K,2
186,L,1
186,M,1
186,N,3
186,P,2
186,Q,2
186,R,2
186,S,2
186,T,2
186,V,0
186,W,2
186,Y,3
186,-,3
187,A,1
187,C,1
187,D,2
187,E,3
187,F,1
187,G,2
187,H,2
187,I,2
187,K,3
187,L,2
187,M,3
187,N,2
187,P,1
187,Q,3
187,R,2
187,S,0
187,T,1
187,V,2
187,W,2
187,Y,1
187,-,3
188,A,1
188,C,3
188,D,3
188,E,2
188,F,3
188,G,2
188,H,3
188,I,1
188,K,1
188,L,2
188,M,2
188,N,2
188,P,1
188,Q,2
188,R,1
188,S,1
188,T,0
188,V,2
188,W,3
188,Y,3
188,-,3
189,A,0
189,C,2
189,D,1
189,E,2
189,F,2
189,G,1
189,H,2
189,I,2
189,K,3
189,L,2
189,M,3
189,N,2
189,P,1
189,Q,3
189,R,2
189,S,1
189,T,1
189,V,1
189,W,3
189,Y,2
189,-,3
190,A,1
190,C,3
190,D,1
190,E,0
190,F,3
190,G,1
190,H,2
190,I,2
190,K,1
190,L,2
190,M,3
190,N,2
190,P,2
190,Q,1
190,R,2
190,S,2
190,T,2
190,V,1
190,W,3
190,Y,2
190,-,3
191,A,2
191,C,3
191,D,2
191,E,1
191,F,3
191,G,2
191,H,1
191,I,3
191,K,1
191,L,1
191,M,2
191,N,2
191,P,1
191,Q,0
191,R,1
191,S,2
191,T,2
191,V,2
191,W,2
191,Y,2
191,-,3
192,A,1
192,C,3
192,D,3
192,E,2
192,F,3
192,G,2
192,H,3
192,I,1
192,K,1
192,L,2
192,M,2
192,N,2
192,P,1
192,Q,2
192,R,1
192,S,1
192,T,0
192,V,2
192,W,3
192,Y,3
192,-,3
193,A,2
193,C,3
193,D,2
193,E,1
193,F,3
193,G,2
193,H,2
193,I,2
193,K,0
193,L,2
193,M,1
193,N,1
193,P,2
193,Q,1
193,R,1
193,S,2
193,T,1
193,V,2
193,W,2
193,Y,2
193,-,3
194,A,2
194,C,3
194,D,3
194,E,2
194,F,2
194,G,2
194,H,2
194,I,2
194,K,2
194,L,0
194,M,1
194,N,3
194,P,1
194,Q,1
194,R,1
194,S,2
194,T,2
194,V,1
194,W,2
194,Y,3
194,-,3
195,A,2
195,C,1
195,D,1
195,E,2
195,F,1
195,G,2
195,H,1
195,I,2
195,K,2
195,L,2
195,M,3
195,N,1
195,P,2
195,Q,2
195,R,2
195,S,1
195,T,2
195,V,2
195,W,2
195,Y,0
195,-,3
196,A,1
196,C,1
196,D,1
196,E,2
196,F,2
196,G,0
196,H,2
196,I,2
196,K,3
196,L,2
196,M,3
196,N,2
196,P,2
196,Q,3
196,R,1
196,S,1
196,T,2
196,V,1
196,W,2
196,Y,2
196,-,3
197,A,1
197,C,1
197,D,2
197,E,3
197,F,1
197,G,2
197,H,2
197,I,2
197,K,3
197,L,2
197,M,3
197,N,2
197,P,1
197,Q,3
197,R,2
197,S,0
197,T,1
197,V,2
197,W,2
197,Y,1
197,-,3
198,A,1
198,C,2
198,D,2
198,E,1
198,F,3
198,G,0
198,H,3
198,I,2
198,K,2
198,L,2
198,M,3
198,N,3
198,P,2
198,Q,2
198,R,1
198,S,2
198,T,2
198,V,1
198,W,2
198,Y,3
198,-,3
199,A,2
199,C,2
199,D,1
199,E,2
199,F,2
199,G,2
199,H,1
199,I,1
199,K,1
199,L,2
199,M,2
199,N,0
199,P,2
199,Q,2
199,R,2
199,S,1
199,T,1
199,V,2
199,W,3
199,Y,1
199,-,3
200,A,2
200,C,3
200,D,2
200,E,1
200,F,3
200,G,2
200,H,2
200,I,2
200,K,0
200,L,2
200,M,1
200,N,1
200,P,2
200,Q,1
200,R,1
200,S,2
200,T,1
200,V,2
200,W,2
200,Y,2
200,-,3
201,A,2
201,C,3
201,D,3
201,E,2
201,F,2
201,G,2
201,H,2
201,I,2
201,K,2
201,L,0
201,M,1
201,N,3
201,P,1
201,Q,1
201,R,1
201,S,2
201,T,2
201,V,1
201,W,2
201,Y,3
201,-,3
202,A,1
202,C,3
202,D,2
202,E,1
202,F,2
202,G,1
202,H,3
202,I,2
202,K,2
202,L,1
202,M,1
202,N,3
202,P,2
202,Q,2
202,R,2
202,S,2
202,T,2
202,V,0
202,W,2
202,Y,3
202,-,3
203,A,1
203,C,2
203,D,2
203,E,3
203,F,2
203,G,2
203,H,2
203,I,1
203,K,2
203,L,2
203,M,2
203,N,1
203,P,1
203,Q,3
203,R,2
203,S,1
203,T,0
203,V,2
203,W,3
203,Y,2
203,-,3
204,A,1
204,C,3
204,D,2
204,E,1
204,F,2
204,G,1
204,H,3
204,I,2
204,K,2
204,L,1
204,M,1
204,N,3
204,P,2
204,Q,2
204,R,2
204,S,2
204,T,2
204,V,0
204,W,2
204,Y,3
204,-,3
205,A,1
205,C,2
205,D,2
205,E,1
205,F,3
205,G,0
205,H,3
205,I,2
205,K,2
205,L,2
205,M,3
205,N,3
205,P,2
205,Q,2
205,R,1
205,S,2
205,T,2
205,V,1
205,W,2
205,Y,3
205,-,3
206,A,2
206,C,1
206,D,2
206,E,3
206,F,2
206,G,1
206,H,2
206,I,1
206,K,2
206,L,2
206,M,2
206,N,1
206,P,2
206,Q,3
206,R,1
206,S,0
206,T,1
206,V,2
206,W,2
206,Y,2
206,-,3
207,A,1
207,C,1
207,D,2
207,E,3
207,F,1
207,G,2
207,H,2
207,I,2
207,K,3
207,L,2
207,M,3
207,N,2
207,P,1
207,Q,3
207,R,2
207,S,0
207,T,1
207,V,2
207,W,2
207,Y,1
207,-,3
208,A,2
208,C,2
208,D,1
208,E,2
208,F,2
208,G,2
208,H,1
208,I,1
208,K,1
208,L,2
208,M,2
208,N,0
208,P,2
208,Q,2
208,R,2
208,S,1
208,T,1
208,V,2
208,W,3
208,Y,1
208,-,3
209,A,2
209,C,1
209,D,1
209,E,2
209,F,1
209,G,2
209,H,1
209,I,2
209,K,2
209,L,2
209,M,3
209,N,1
209,P,2
209,Q,2
209,R,2
209,S,1
209,T,2
209,V,2
209,W,2
209,Y,0
209,-,3
210,A,2
210,C,3
210,D,2
210,E,1
210,F,3
210,G,2
210,H,1
210,I,3
210,K,1
210,L,1
210,M,2
210,N,2
210,P,1
210,Q,0
210,R,1
210,S,2
210,T,2
210,V,2
210,W,2
210,Y,2
210,-,3
211,A,2
211,C,3
211,D,2
211,E,1
211,F,3
211,G,2
211,H,1
211,I,2
211,K,1
211,L,1
211,M,3
211,N,2
211,P,1
211,Q,0
211,R,1
211,S,2
211,T,2
211,V,2
211,W,3
211,Y,2
211,-,3
212,A,2
212,C,1
212,D,2
212,E,3
212,F,2
212,G,1
212,H,2
212,I,1
212,K,2
212,L,2
212,M,2
212,N,1
212,P,2
212,Q,3
212,R,1
212,S,0
212,T,1
212,V,2
212,W,2
212,Y,2
212,-,3
213,A,2
213,C,1
213,D,2
213,E,3
213,F,0
213,G,2
213,H,2
213,I,1
213,K,3
213,L,1
213,M,2
213,N,2
213,P,2
213,Q,3
213,R,2
213,S,1
213,T,2
213,V,1
213,W,2
213,Y,1
213,-,3
214,A,1
214,C,3
214,D,2
214,E,1
214,F,2
214,G,1
214,H,3
214,I,2
214,K,2
214,L,1
214,M,1
214,N,3
214,P,2
214,Q,2
214,R,2
214,S,2
214,T,2
214,V,0
214,W,2
214,Y,3
214,-,3
215,A,1
215,C,2
215,D,2
215,E,3
215,F,2
215,G,2
215,H,1
215,I,2
215,K,3
215,L,1
215,M,3
215,N,2
215,P,0
215,Q,2
215,R,1
215,S,1
215,T,1
215,V,2
215,W,3
215,Y,2
215,-,3
216,A,2
216,C,1
216,D,2
216,E,3
216,F,2
216,G,1
216,H,2
216,I,1
216,K,2
216,L,2
216,M,2
216,N,1
216,P,2
216,Q,3
216,R,1
216,S,0
216,T,1
216,V,2
216,W,2
216,Y,2
216,-,3
217,A,1
217,C,3
217,D,3
217,E,2
217,F,3
217,G,2
217,H,2
217,I,2
217,K,2
217,L,1
217,M,3
217,N,3
217,P,0
217,Q,1
217,R,1
217,S,1
217,T,1
217,V,2
217,W,3
217,Y,3
217,-,3
218,A,1
218,C,1
218,D,1
218,E,2
218,F,2
218,G,0
218,H,2
218,I,2
218,K,3
218,L,2
218,M,3
218,N,2
218,P,2
218,Q,3
218,R,1
218,S,1
218,T,2
218,V,1
218,W,2
218,Y,2
218,-,3
219,A,0
219,C,2
219,D,1
219,E,2
219,F,2
219,G,1
219,H,2
219,I,2
219,K,3
219,L,2
219,M,3
219,N,2
219,P,1
219,Q,3
219,R,2
219,S,1
219,T,1
219,V,1
219,W,3
219,Y,2
219,-,3
220,A,2
220,C,2
220,D,3
220,E,2
220,F,3
220,G,1
220,H,3
220,I,1
220,K,1
220,L,2
220,M,2
220,N,2
220,P,2
220,Q,2
220,R,0
220,S,1
220,T,1
220,V,2
220,W,2
220,Y,3
220,-,3
221,A,1
221,C,2
221,D,2
221,E,3
221,F,2
221,G,2
221,H,1
221,I,2
221,K,3
221,L,1
221,M,3
221,N,2
221,P,0
221,Q,2
221,R,1
221,S,1
221,T,1
221,V,2
221,W,3
221,Y,2
221,-,3
222,A,2
222,C,3
222,D,2
222,E,1
222,F,3
222,G,2
222,H,1
222,I,3
222,K,1
222,L,1
222,M,2
222,N,2
222,P,1
222,Q,0
222,R,1
222,S,2
222,T,2
222,V,2
222,W,2
222,Y,2
222,-,3
223,A,1
223,C,3
223,D,2
223,E,1
223,F,2
223,G,1
223,H,3
223,I,2
223,K,2
223,L,1
223,M,1
223,N,3
223,P,2
223,Q,2
223,R,2
223,S,2
223,T,2
223,V,0
223,W,2
223,Y,3
223,-,3
224,A,2
224,C,2
224,D,1
224,E,2
224,F,2
224,G,2
224,H,1
224,I,1
224,K,1
224,L,2
224,M,2
224,N,0
224,P,2
224,Q,2
224,R,2
224,S,1
224,T,1
224,V,2
224,W,3
224,Y,1
224,-,3
225,A,1
225,C,1
225,D,1
225,E,2
225,F,2
225,G,0
225,H,2
225,I,2
225,K,3
225,L,2
225,M,3
225,N,2
225,P,2
225,Q,3
225,R,1
225,S,1
225,T,2
225,V,1
225,W,2
225,Y,2
225,-,3
226,A,2
226,C,3
226,D,3
226,E,2
226,F,2
226,G,2
226,H,2
226,I,2
226,K,2
226,L,0
226,M,1
226,N,3
226,P,1
226,Q,1
226,R,1
226,S,2
226,T,2
226,V,1
226,W,2
226,Y,3
226,-,3
227,A,2
227,C,1
227,D,2
227,E,3
227,F,2
227,G,1
227,H,2
227,I,1
227,K,2
227,L,2
227,M,2
227,N,1
227,P,2
227,Q,3
227,R,1
227,S,0
227,T,1
227,V,2
227,W,2
227,Y,2
227,-,3
228,A,1
228,C,2
228,D,2
228,E,1
228,F,3
228,G,0
228,H,3
228,I,2
228,K,2
228,L,2
228,M,3
228,N,3
228,P,2
228,Q,2
228,R,1
228,S,2
228,T,2
228,V,1
228,W,2
228,Y,3
228,-,3
229,A,2
229,C,2
229,D,3
229,E,2
229,F,3
229,G,1
229,H,3
229,I,1
229,K,1
229,L,2
229,M,2
229,N,2
229,P,2
229,Q,2
229,R,0
229,S,1
229,T,1
229,V,2
229,W,2
229,Y,3
229,-,3
230,A,2
230,C,2
230,D,2
230,E,3
230,F,1
230,G,2
230,H,2
230,I,0
230,K,2
230,L,1
230,M,1
230,N,1
230,P,2
230,Q,3
230,R,2
230,S,1
230,T,1
230,V,1
230,W,3
230,Y,2
230,-,3
231,A,1
231,C,2
231,D,0
231,E,1
231,F,2
231,G,1
231,H,1
231,I,2
231,K,2
231,L,2
231,M,3
231,N,1
231,P,2
231,Q,2
231,R,2
231,S,2
231,T,2
231,V,1
231,W,3
231,Y,1
231,-,3
232,A,2
232,C,1
232,D,2
232,E,3
232,F,0
232,G,2
232,H,2
232,I,1
232,K,3
232,L,1
232,M,2
232,N,2
232,P,2
232,Q,3
232,R,2
232,S,1
232,T,2
232,V,1
232,W,2
232,Y,1
232,-,3
233,A,2
233,C,2
233,D,1
233,E,2
233,F,2
233,G,2
233,H,0
233,I,2
233,K,2
233,L,1
233,M,3
233,N,1
233,P,1
233,Q,1
233,R,1
233,S,2
233,T,2
233,V,2
233,W,3
233,Y,1
233,-,3
234,A,2
234,C,1
234,D,3
234,E,2
234,F,2
234,G,1
234,H,3
234,I,3
234,K,2
234,L,1
234,M,2
234,N,3
234,P,2
234,Q,2
234,R,1
234,S,1
234,T,2
234,V,2
234,W,0
234,Y,2
234,-,3
235,A,2
235,C,3
235,D,3
235,E,2
235,F,2
235,G,2
235,H,2
235,I,2
235,K,2
235,L,0
235,M,1
235,N,3
235,P,1
235,Q,1
235,R,1
235,S,2
235,T,2
235,V,1
235,W,2
235,Y,3
235,-,3
236,A,2
236,C,3
236,D,3
236,E,2
236,F,2
236,G,2
236,H,3
236,I,1
236,K,1
236,L,1
236,M,0
236,N,2
236,P,2
236,Q,2
236,R,1
236,S,2
236,T,1
236,V,1
236,W,2
236,Y,3
236,-,3
237,A,2
237,C,3
237,D,3
237,E,2
237,F,2
237,G,2
237,H,2
237,I,2
237,K,2
237,L,0
237,M,1
237,N,3
237,P,1
237,Q,1
237,R,1
237,S,2
237,T,2
237,V,1
237,W,2
237,Y,3
237,-,3
238,A,2
238,C,2
238,D,1
238,E,2
238,F,2
238,G,2
238,H,1
238,I,1
238,K,1
238,L,2
238,M,2
238,N,0
238,P,2
238,Q,2
238,R,2
238,S,1
238,T,1
238,V,2
238,W,3
238,Y,1
238,-,3
239,A,1
239,C,2
239,D,2
239,E,3
239,F,2
239,G,2
239,H,1
239,I,2
239,K,3
239,L,1
239,M,3
239,N,2
239,P,0
239,Q,2
239,R,1
239,S,1
239,T,1
239,V,2
239,W,3
239,Y,2
239,-,3
240,A,2
240,C,2
240,D,1
240,E,2
240,F,2
240,G,2
240,H,1
240,I,1
240,K,1
240,L,2
240,M,2
240,N,0
240,P,2
240,Q,2
240,R,2
240,S,1
240,T,1
240,V,2
240,W,3
240,Y,1
240,-,3
241,A,1
241,C,2
241,D,0
241,E,1
241,F,2
241,G,1
241,H,1
241,I,2
241,K,2
241,L,2
241,M,3
241,N,1
241,P,2
241,Q,2
241,R,2
241,S,2
241,T,2
241,V,1
241,W,3
241,Y,1
241,-,3
242,A,1
242,C,2
242,D,2
242,E,3
242,F,2
242,G,2
242,H,2
242,I,1
242,K,2
242,L,2
242,M,2
242,N,1
242,P,1
242,Q,3
242,R,2
242,S,1
242,T,0
242,V,2
242,W,3
242,Y,2
242,-,3
243,A,1
243,C,3
243,D,2
243,E,1
243,F,2
243,G,1
243,H,3
243,I,2
243,K,2
243,L,1
243,M,1
243,N,3
243,P,2
243,Q,2
243,R,2
243,S,2
243,T,2
243,V,0
243,W,2
243,Y,3
243,-,3
244,A,1
244,C,2
244,D,2
244,E,3
244,F,2
244,G,2
244,H,2
244,I,1
244,K,2
244,L,2
244,M,2
244,N,1
244,P,1
244,Q,3
244,R,2
244,S,1
244,T,0
244,V,2
244,W,3
244,Y,2
244,-,3
245,A,2
245,C,1
245,D,2
245,E,3
245,F,0
245,G,2
245,H,2
245,I,1
245,K,3
245,L,1
245,M,2
245,N,2
245,P,2
245,Q,3
245,R,2
245,S,1
245,T,2
245,V,1
245,W,2
245,Y,1
245,-,3
246,A,1
246,C,1
246,D,2
246,E,3
246,F,1
246,G,2
246,H,2
246,I,2
246,K,3
246,L,2
246,M,3
246,N,2
246,P,1
246,Q,3
246,R,2
246,S,0
246,T,1
246,V,2
246,W,2
246,Y,1
246,-,3
247,A,2
247,C,1
247,D,2
247,E,3
247,F,0
247,G,2
247,H,2
247,I,1
247,K,3
247,L,1
247,M,2
247,N,2
247,P,2
247,Q,3
247,R,2
247,S,1
247,T,2
247,V,1
247,W,2
247,Y,1
247,-,3
248,A,2
248,C,2
248,D,1
248,E,2
248,F,2
248,G,2
248,H,1
248,I,1
248,K,1
248,L,2
248,M,2
248,N,0
248,P,2
248,Q,2
248,R,2
248,S,1
248,T,1
248,V,2
248,W,3
248,Y,1
248,-,3
249,A,1
249,C,1
249,D,1
249,E,2
249,F,2
249,G,0
249,H,2
249,I,2
249,K,3
249,L,2
249,M,3
249,N,2
249,P,2
249,Q,3
249,R,1
249,S,1
249,T,2
249,V,1
249,W,2
249,Y,2
249,-,3
250,A,0
250,C,2
250,D,1
250,E,2
250,F,2
250,G,1
250,H,2
250,I,2
250,K,3
250,L,2
250,M,3
250,N,2
250,P,1
250,Q,3
250,R,2
250,S,1
250,T,1
250,V,1
250,W,3
250,Y,2
250,-,3
251,A,2
251,C,1
251,D,2
251,E,3
251,F,0
251,G,2
251,H,2
251,I,1
251,K,3
251,L,1
251,M,2
251,N,2
251,P,2
251,Q,3
251,R,2
251,S,1
251,T,2
251,V,1
251,W,2
251,Y,1
251,-,3
252,A,2
252,C,2
252,D,2
252,E,3
252,F,1
252,G,2
252,H,2
252,I,0
252,K,2
252,L,1
252,M,1
252,N,1
252,P,2
252,Q,3
252,R,2
252,S,1
252,T,1
252,V,1
252,W,3
252,Y,2
252,-,3
253,A,0
253,C,2
253,D,1
253,E,2
253,F,2
253,G,1
253,H,2
253,I,2
253,K,3
253,L,2
253,M,3
253,N,2
253,P,1
253,Q,3
253,R,2
253,S,1
253,T,1
253,V,1
253,W,3
253,Y,2
253,-,3
254,A,1
254,C,2
254,D,2
254,E,3
254,F,2
254,G,2
254,H,1
254,I,2
254,K,3
254,L,1
254,M,3
254,N,2
254,P,0
254,Q,2
254,R,1
254,S,1
254,T,1
254,V,2
254,W,3
254,Y,2
254,-,3
255,A,1
255,C,2
255,D,0
255,E,1
255,F,2
255,G,1
255,H,1
255,I,2
255,K,2
255,L,2
255,M,3
255,N,1
255,P,2
255,Q,2
255,R,2
255,S,2
255,T,2
255,V,1
255,W,3
255,Y,1
255,-,3
256,A,2
256,C,2
256,D,3
256,E,2
256,F,3
256,G,1
256,H,3
256,I,1
256,K,1
256,L,2
256,M,2
256,N,2
256,P,2
256,Q,2
256,R,0
256,S,1
256,T,1
256,V,2
256,W,2
256,Y,3
256,-,3
257,A,0
257,C,2
257,D,1
257,E,2
257,F,2
257,G,1
257,H,2
257,I,2
257,K,3
257,L,2
257,M,3
257,N,2
257,P,1
257,Q,3
257,R,2
257,S,1
257,T,1
257,V,1
257,W,3
257,Y,2
257,-,3
258,A,2
258,C,1
258,D,2
258,E,3
258,F,2
258,G,1
258,H,2
258,I,1
258,K,2
258,L,2
258,M,2
258,N,1
258,P,2
258,Q,3
258,R,1
258,S,0
258,T,1
258,V,2
258,W,2
258,Y,2
258,-,3
259,A,2
259,C,1
259,D,2
259,E,3
259,F,0
259,G,2
259,H,2
259,I,1
259,K,3
259,L,1
259,M,2
259,N,2
259,P,2
259,Q,3
259,R,2
259,S,1
259,T,2
259,V,1
259,W,2
259,Y,1
259,-,3
260,A,2
260,C,3
260,D,3
260,E,2
260,F,2
260,G,2
260,H,2
260,I,2
260,K,2
260,L,0
260,M,1
260,N,3
260,P,1
260,Q,1
260,R,1
260,S,2
260,T,2
260,V,1
260,W,2
260,Y,3
260,-,3
261,A,2
261,C,2
261,D,3
261,E,2
261,F,3
261,G,1
261,H,2
261,I,3
261,K,2
261,L,1
261,M,2
261,N,3
261,P,1
261,Q,1
261,R,0
261,S,2
261,T,2
261,V,2
261,W,1
261,Y,3
261,-,3
262,A,1
262,C,1
262,D,1
262,E,2
262,F,2
262,G,0
262,H,2
262,I,2
262,K,3
262,L,2
262,M,3
262,N,2
262,P,2
262,Q,3
262,R,1
262,S,1
262,T,2
262,V,1
262,W,2
262,Y,2
262,-,3
263,A,2
263,C,3
263,D,2
263,E,1
263,F,3
263,G,2
263,H,2
263,I,1
263,K,0
263,L,2
263,M,2
263,N,1
263,P,2
263,Q,1
263,R,1
263,S,2
263,T,1
263,V,2
263,W,3
263,Y,2
263,-,3
265,A,2
265,C,1
265,D,2
265,E,3
265,F,2
265,G,1
265,H,2
265,I,1
265,K,2
265,L,2
265,M,2
265,N,1
265,P,2
265,Q,3
265,R,1
265,S,0
265,T,1
265,V,2
265,W,2
265,Y,2
265,-,3
266,A,2
266,C,3
266,D,3
266,E,2
266,F,2
266,G,2
266,H,3
266,I,1
266,K,1
266,L,1
266,M,0
266,N,2
266,P,2
266,Q,2
266,R,1
266,S,2
266,T,1
266,V,1
266,W,2
266,Y,3
266,-,3
267,A,1
267,C,1
267,D,1
267,E,2
267,F,2
267,G,0
267,H,2
267,I,2
267,K,3
267,L,2
267,M,3
267,N,2
267,P,2
267,Q,3
267,R,1
267,S,1
267,T,2
267,V,1
267,W,2
267,Y,2
267,-,3
268,A,2
268,C,2
268,D,2
268,E,3
268,F,1
268,G,2
268,H,2
268,I,0
268,K,2
268,L,1
268,M,1
268,N,1
268,P,2
268,Q,3
268,R,2
268,S,1
268,T,1
268,V,1
268,W,3
268,Y,2
268,-,3
269,A,2
269,C,3
269,D,2
269,E,1
269,F,3
269,G,2
269,H,1
269,I,3
269,K,1
269,L,1
269,M,2
269,N,2
269,P,1
269,Q,0
269,R,1
269,S,2
269,T,2
269,V,2
269,W,2
269,Y,2
269,-,3
270,A,2
270,C,1
270,D,2
270,E,3
270,F,2
270,G,1
270,H,2
270,I,1
270,K,2
270,L,2
270,M,2
270,N,1
270,P,2
270,Q,3
270,R,1
270,S,0
270,T,1
270,V,2
270,W,2
270,Y,2
270,-,3
271,A,1
271,C,1
271,D,1
271,E,2
271,F,2
271,G,0
271,H,2
271,I,2
271,K,3
271,L,2
271,M,3
271,N,2
271,P,2
271,Q,3
271,R,1
271,S,1
271,T,2
271,V,1
271,W,2
271,Y,2
271,-,3
272,A,1
272,C,3
272,D,2
272,E,1
272,F,2
272,G,1
272,H,3
272,I,2
272,K,2
272,L,1
272,M,1
272,N,3
272,P,2
272,Q,2
272,R,2
272,S,2
272,T,2
272,V,0
272,W,2
272,Y,3
272,-,3
273,A,2
273,C,3
273,D,2
273,E,1
273,F,3
273,G,2
273,H,1
273,I,3
273,K,1
273,L,1
273,M,2
273,N,2
273,P,1
273,Q,0
273,R,1
273,S,2
273,T,2
273,V,2
273,W,2
273,Y,2
273,-,3
274,A,1
274,C,2
274,D,1
274,E,2
274,F,1
274,G,1
274,H,2
274,I,1
274,K,3
274,L,1
274,M,2
274,N,2
274,P,2
274,Q,3
274,R,2
274,S,2
274,T,2
274,V,0
274,W,3
274,Y,2
274,-,3
275,A,1
275,C,2
275,D,0
275,E,1
275,F,2
275,G,1
275,H,1
275,I,2
275,K,2
275,L,2
275,M,3
275,N,1
275,P,2
275,Q,2
275,R,2
275,S,2
275,T,2
275,V,1
275,W,3
275,Y,1
275,-,3
276,A,0
276,C,2
276,D,1
276,E,2
276,F,2
276,G,1
276,H,2
276,I,2
276,K,3
276,L,2
276,M,3
276,N,2
276,P,1
276,Q,3
276,R,2
276,S,1
276,T,1
276,V,1
276,W,3
276,Y,2
276,-,3
276a,A,2
276a,C,2
276a,D,1
276a,E,2
276a,F,2
276a,G,2
276a,H,1
276a,I,1
276a,K,1
276a,L,2
276a,M,2
276a,N,0
276a,P,2
276a,Q,2
276a,R,2
276a,S,1
276a,T,1
276a,V,2
276a,W,3
276a,Y,1
276a,-,3
277,A,2
277,C,0
277,D,2
277,E,3
277,F,1
277,G,1
277,H,2
277,I,2
277,K,3
277,L,2
277,M,3
277,N,2
277,P,2
277,Q,3
277,R,1
277,S,1
277,T,2
277,V,2
277,W,1
277,Y,1
277,-,3
278,A,1
278,C,3
278,D,1
278,E,0
278,F,3
278,G,1
278,H,2
278,I,3
278,K,1
278,L,2
278,M,2
278,N,2
278,P,2
278,Q,1
278,R,2
278,S,2
278,T,2
278,V,1
278,W,2
278,Y,2
278,-,3
279,A,1
279,C,1
279,D,1
279,E,2
279,F,2
279,G,0
279,H,2
279,I,2
279,K,3
279,L,2
279,M,3
279,N,2
279,P,2
279,Q,3
279,R,1
279,S,1
279,T,2
279,V,1
279,W,2
279,Y,2
279,-,3
280,A,1
280,C,2
280,D,0
280,E,1
280,F,2
280,G,1
280,H,1
280,I,2
280,K,2
280,L,2
280,M,3
280,N,1
280,P,2
280,Q,2
280,R,2
280,S,2
280,T,2
280,V,1
280,W,3
280,Y,1
280,-,3
281,A,2
281,C,0
281,D,2
281,E,3
281,F,1
281,G,1
281,H,2
281,I,2
281,K,3
281,L,2
281,M,3
281,N,2
281,P,2
281,Q,3
281,R,1
281,S,1
281,T,2
281,V,2
281,W,1
281,Y,1
281,-,3
282,A,2
282,C,1
282,D,1
282,E,2
282,F,1
282,G,2
282,H,1
282,I,2
282,K,2
282,L,2
282,M,3
282,N,1
282,P,2
282,Q,2
282,R,2
282,S,1
282,T,2
282,V,2
282,W,2
282,Y,0
282,-,3
283,A,2
283,C,2
283,D,1
283,E,2
283,F,2
283,G,2
283,H,0
283,I,2
283,K,2
283,L,1
283,M,3
283,N,1
283,P,1
283,Q,1
283,R,1
283,S,2
283,T,2
283,V,2
283,W,3
283,Y,1
283,-,3
284,A,1
284,C,1
284,D,2
284,E,3
284,F,1
284,G,2
284,H,2
284,I,2
284,K,3
284,L,2
284,M,3
284,N,2
284,P,1
284,Q,3
284,R,2
284,S,0
284,T,1
284,V,2
284,W,2
284,Y,1
284,-,3
285,A,1
285,C,1
285,D,1
285,E,2
285,F,2
285,G,0
285,H,2
285,I,2
285,K,3
285,L,2
285,M,3
285,N,2
285,P,2
285,Q,3
285,R,1
285,S,1
285,T,2
285,V,1
285,W,2
285,Y,2
285,-,3
286,A,1
286,C,1
286,D,1
286,E,2
286,F,2
286,G,0
286,H,2
286,I,2
286,K,3
286,L,2
286,M,3
286,N,2
286,P,2
286,Q,3
286,R,1
286,S,1
286,T,2
286,V,1
286,W,2
286,Y,2
286,-,3
287,A,1
287,C,3
287,D,3
287,E,2
287,F,3
287,G,2
287,H,3
287,I,1
287,K,1
287,L,2
287,M,2
287,N,2
287,P,1
287,Q,2
287,R,1
287,S,1
287,T,0
287,V,2
287,W,3
287,Y,3
287,-,3
288,A,2
288,C,2
288,D,2
288,E,3
288,F,1
288,G,2
288,H,2
288,I,0
288,K,2
288,L,1
288,M,1
288,N,1
288,P,2
288,Q,3
288,R,2
288,S,1
288,T,1
288,V,1
288,W,3
288,Y,2
288,-,3
289,A,2
289,C,2
289,D,2
289,E,3
289,F,1
289,G,2
289,H,2
289,I,0
289,K,2
289,L,1
289,M,1
289,N,1
289,P,2
289,Q,3
289,R,2
289,S,1
289,T,1
289,V,1
289,W,3
289,Y,2
289,-,3
290,A,2
290,C,1
290,D,2
290,E,3
290,F,2
290,G,1
290,H,2
290,I,1
290,K,2
290,L,2
290,M,2
290,N,1
290,P,2
290,Q,3
290,R,1
290,S,0
290,T,1
290,V,2
290,W,2
290,Y,2
290,-,3
291,A,2
291,C,2
291,D,1
291,E,2
291,F,2
291,G,2
291,H,1
291,I,1
291,K,1
291,L,2
291,M,2
291,N,0
291,P,2
291,Q,2
291,R,2
291,S,1
291,T,1
291,V,2
291,W,3
291,Y,1
291,-,3
292,A,2
292,C,3
292,D,3
292,E,2
292,F,2
292,G,2
292,H,2
292,I,2
292,K,2
292,L,0
292,M,1
292,N,3
292,P,1
292,Q,1
292,R,1
292,S,2
292,T,2
292,V,1
292,W,2
292,Y,3
292,-,3
293,A,1
293,C,2
293,D,2
293,E,3
293,F,2
293,G,2
293,H,1
293,I,2
293,K,3
293,L,1
293,M,3
293,N,2
293,P,0
293,Q,2
293,R,1
293,S,1
293,T,1
293,V,2
293,W,3
293,Y,2
293,-,3
294,A,2
294,C,1
294,D,2
294,E,3
294,F,0
294,G,2
294,H,2
294,I,1
294,K,3
294,L,1
294,M,2
294,N,2
294,P,2
294,Q,3
294,R,2
294,S,1
294,T,2
294,V,1
294,W,2
294,Y,1
294,-,3
295,A,2
295,C,3
295,D,2
295,E,1
295,F,3
295,G,2
295,H,1
295,I,3
295,K,1
295,L,1
295,M,2
295,N,2
295,P,1
295,Q,0
295,R,1
295,S,2
295,T,2
295,V,2
295,W,2
295,Y,2
295,-,3
296,A,2
296,C,2
296,D,1
296,E,2
296,F,2
296,G,2
296,H,1
296,I,1
296,K,1
296,L,2
296,M,2
296,N,0
296,P,2
296,Q,2
296,R,2
296,S,1
296,T,1
296,V,2
296,W,3
296,Y,1
296,-,3
297,A,2
297,C,2
297,D,2
297,E,3
297,F,1
297,G,2
297,H,2
297,I,0
297,K,2
297,L,1
297,M,1
297,N,1
297,P,2
297,Q,3
297,R,2
297,S,1
297,T,1
297,V,1
297,W,3
297,Y,2
297,-,3
298,A,1
298,C,2
298,D,0
298,E,1
298,F,2
298,G,1
298,H,1
298,I,2
298,K,2
298,L,2
298,M,3
298,N,1
298,P,2
298,Q,2
298,R,2
298,S,2
298,T,2
298,V,1
298,W,3
298,Y,1
298,-,3
299,A,2
299,C,1
299,D,2
299,E,3
299,F,2
299,G,1
299,H,2
299,I,1
299,K,2
299,L,2
299,M,2
299,N,1
299,P,2
299,Q,3
299,R,1
299,S,0
299,T,1
299,V,2
299,W,2
299,Y,2
299,-,3
300,A,2
300,C,2
300,D,3
300,E,2
300,F,3
300,G,1
300,H,2
300,I,3
300,K,2
300,L,1
300,M,2
300,N,3
300,P,1
300,Q,1
300,R,0
300,S,2
300,T,2
300,V,2
300,W,1
300,Y,3
300,-,3
301,A,0
301,C,2
301,D,1
301,E,2
301,F,2
301,G,1
301,H,2
301,I,2
301,K,3
301,L,2
301,M,3
301,N,2
301,P,1
301,Q,3
301,R,2
301,S,1
301,T,1
301,V,1
301,W,3
301,Y,2
301,-,3
302,A,1
302,C,3
302,D,2
302,E,1
302,F,2
302,G,1
302,H,3
302,I,2
302,K,2
302,L,1
302,M,1
302,N,3
302,P,2
302,Q,2
302,R,2
302,S,2
302,T,2
302,V,0
302,W,2
302,Y,3
302,-,3
303,A,1
303,C,1
303,D,1
303,E,2
303,F,2
303,G,0
303,H,2
303,I,2
303,K,3
303,L,2
303,M,3
303,N,2
303,P,2
303,Q,3
303,R,1
303,S,1
303,T,2
303,V,1
303,W,2
303,Y,2
303,-,3
304,A,2
304,C,3
304,D,2
304,E,1
304,F,3
304,G,2
304,H,2
304,I,2
304,K,0
304,L,2
304,M,1
304,N,1
304,P,2
304,Q,1
304,R,1
304,S,2
304,T,1
304,V,2
304,W,2
304,Y,2
304,-,3
305,A,2
305,C,0
305,D,2
305,E,3
305,F,1
305,G,1
305,H,2
305,I,2
305,K,3
305,L,2
305,M,3
305,N,2
305,P,2
305,Q,3
305,R,1
305,S,1
305,T,2
305,V,2
305,W,1
305,Y,1
305,-,3
306,A,1
306,C,2
306,D,2
306,E,3
306,F,2
306,G,2
306,H,1
306,I,2
306,K,3
306,L,1
306,M,3
306,N,2
306,P,0
306,Q,2
306,R,1
306,S,1
306,T,1
306,V,2
306,W,3
306,Y,2
306,-,3
307,A,2
307,C,2
307,D,3
307,E,2
307,F,3
307,G,1
307,H,3
307,I,1
307,K,1
307,L,2
307,M,2
307,N,2
307,P,2
307,Q,2
307,R,0
307,S,1
307,T,1
307,V,2
307,W,2
307,Y,3
307,-,3
308,A,2
308,C,1
308,D,1
308,E,2
308,F,1
308,G,2
308,H,1
308,I,2
308,K,2
308,L,2
308,M,3
308,N,1
308,P,2
308,Q,2
308,R,2
308,S,1
308,T,2
308,V,2
308,W,2
308,Y,0
308,-,3
309,A,1
309,C,3
309,D,2
309,E,1
309,F,2
309,G,1
309,H,3
309,I,2
309,K,2
309,L,1
309,M,1
309,N,3
309,P,2
309,Q,2
309,R,2
309,S,2
309,T,2
309,V,0
309,W,2
309,Y,3
309,-,3
310,A,2
310,C,3
310,D,2
310,E,1
310,F,3
310,G,2
310,H,2
310,I,1
310,K,0
310,L,2
310,M,2
310,N,1
310,P,2
310,Q,1
310,R,1
310,S,2
310,T,1
310,V,2
310,W,3
310,Y,2
310,-,3
311,A,2
311,C,3
311,D,2
311,E,1
311,F,3
311,G,2
311,H,1
311,I,2
311,K,1
311,L,1
311,M,3
311,N,2
311,P,1
311,Q,0
311,R,1
311,S,2
311,T,2
311,V,2
311,W,3
311,Y,2
311,-,3
312,A,2
312,C,2
312,D,3
312,E,2
312,F,3
312,G,1
312,H,3
312,I,1
312,K,1
312,L,2
312,M,2
312,N,2
312,P,2
312,Q,2
312,R,0
312,S,1
312,T,1
312,V,2
312,W,2
312,Y,3
312,-,3
313,A,2
313,C,1
313,D,2
313,E,3
313,F,2
313,G,1
313,H,2
313,I,1
313,K,2
313,L,2
313,M,2
313,N,1
313,P,2
313,Q,3
313,R,1
313,S,0
313,T,1
313,V,2
313,W,2
313,Y,2
313,-,3
314,A,2
314,C,3
314,D,3
314,E,2
314,F,2
314,G,2
314,H,2
314,I,2
314,K,2
314,L,0
314,M,1
314,N,3
314,P,1
314,Q,1
314,R,1
314,S,2
314,T,2
314,V,1
314,W,2
314,Y,3
314,-,3
315,A,2
315,C,3
315,D,3
315,E,2
315,F,2
315,G,2
315,H,2
315,I,2
315,K,2
315,L,0
315,M,1
315,N,3
315,P,1
315,Q,1
315,R,1
315,S,2
315,T,2
315,V,1
315,W,2
315,Y,3
315,-,3
316,A,2
316,C,3
316,D,3
316,E,2
316,F,2
316,G,2
316,H,2
316,I,2
316,K,2
316,L,0
316,M,1
316,N,3
316,P,1
316,Q,1
316,R,1
316,S,2
316,T,2
316,V,1
316,W,2
316,Y,3
316,-,3
317,A,0
317,C,2
317,D,1
317,E,2
317,F,2
317,G,1
317,H,2
317,I,2
317,K,3
317,L,2
317,M,3
317,N,2
317,P,1
317,Q,3
317,R,2
317,S,1
317,T,1
317,V,1
317,W,3
317,Y,2
317,-,3
318,A,1
318,C,2
318,D,2
318,E,3
318,F,2
318,G,2
318,H,2
318,I,1
318,K,2
318,L,2
318,M,2
318,N,1
318,P,1
318,Q,3
318,R,2
318,S,1
318,T,0
318,V,2
318,W,3
318,Y,2
318,-,3
319,A,1
319,C,1
319,D,1
319,E,2
319,F,2
319,G,0
319,H,2
319,I,2
319,K,3
319,L,2
319,M,3
319,N,2
319,P,2
319,Q,3
319,R,1
319,S,1
319,T,2
319,V,1
319,W,2
319,Y,2
319,-,3
320,A,2
320,C,3
320,D,3
320,E,2
320,F,2
320,G,2
320,H,3
320,I,1
320,K,1
320,L,1
320,M,0
320,N,2
320,P,2
320,Q,2
320,R,1
320,S,2
320,T,1
320,V,1
320,W,2
320,Y,3
320,-,3
321,A,2
321,C,3
321,D,2
321,E,1
321,F,3
321,G,2
321,H,2
321,I,2
321,K,0
321,L,2
321,M,1
321,N,1
321,P,2
321,Q,1
321,R,1
321,S,2
321,T,1
321,V,2
321,W,2
321,Y,2
321,-,3
322,A,2
322,C,2
322,D,1
322,E,2
322,F,2
322,G,2
322,H,1
322,I,1
322,K,1
322,L,2
322,M,2
322,N,0
322,P,2
322,Q,2
322,R,2
322,S,1
322,T,1
322,V,2
322,W,3
322,Y,1
322,-,3
323,A,1
323,C,3
323,D,2
323,E,1
323,F,2
323,G,1
323,H,3
323,I,2
323,K,2
323,L,1
323,M,1
323,N,3
323,P,2
323,Q,2
323,R,2
323,S,2
323,T,2
323,V,0
323,W,2
323,Y,3
323,-,3
324,A,1
324,C,2
324,D,2
324,E,3
324,F,2
324,G,2
324,H,1
324,I,2
324,K,3
324,L,1
324,M,3
324,N,2
324,P,0
324,Q,2
324,R,1
324,S,1
324,T,1
324,V,2
324,W,3
324,Y,2
324,-,3
325,A,1
325,C,3
325,D,1
325,E,0
325,F,3
325,G,1
325,H,2
325,I,3
325,K,1
325,L,2
325,M,2
325,N,2
325,P,2
325,Q,1
325,R,2
325,S,2
325,T,2
325,V,1
325,W,2
325,Y,2
325,-,3
325a,A,2
325a,C,2
325a,D,2
325a,E,3
325a,F,1
325a,G,2
325a,H,2
325a,I,0
325a,K,2
325a,L,1
325a,M,1
325a,N,1
325a,P,2
325a,Q,3
325a,R,2
325a,S,1
325a,T,1
325a,V,1
325a,W,3
325a,Y,2
325a,-,3
326,A,1
326,C,2
326,D,2
326,E,3
326,F,2
326,G,2
326,H,1
326,I,2
326,K,3
326,L,1
326,M,3
326,N,2
326,P,0
326,Q,2
326,R,1
326,S,1
326,T,1
326,V,2
326,W,3
326,Y,2
326,-,3
327,A,2
327,C,3
327,D,2
327,E,1
327,F,3
327,G,2
327,H,2
327,I,2
327,K,0
327,L,2
327,M,1
327,N,1
327,P,2
327,Q,1
327,R,1
327,S,2
327,T,1
327,V,2
327,W,2
327,Y,2
327,-,3
328,A,1
328,C,1
328,D,1
328,E,2
328,F,2
328,G,0
328,H,2
328,I,2
328,K,3
328,L,2
328,M,3
328,N,2
328,P,2
328,Q,3
328,R,1
328,S,1
328,T,2
328,V,1
328,W,2
328,Y,2
328,-,3
329,A,2
329,C,2
329,D,3
329,E,2
329,F,3
329,G,1
329,H,3
329,I,1
329,K,1
329,L,2
329,M,2
329,N,2
329,P,2
329,Q,2
329,R,0
329,S,1
329,T,1
329,V,2
329,W,2
329,Y,3
329,-,3
330,A,1
330,C,1
330,D,1
330,E,2
330,F,2
330,G,0
330,H,2
330,I,2
330,K,3
330,L,2
330,M,3
330,N,2
330,P,2
330,Q,3
330,R,1
330,S,1
330,T,2
330,V,1
330,W,2
330,Y,2
330,-,3
331,A,2
331,C,3
331,D,3
331,E,2
331,F,2
331,G,2
331,H,2
331,I,2
331,K,2
331,L,0
331,M,1
331,N,3
331,P,1
331,Q,1
331,R,1
331,S,2
331,T,2
331,V,1
331,W,2
331,Y,3
331,-,3
332,A,2
332,C,1
332,D,2
332,E,3
332,F,0
332,G,2
332,H,2
332,I,1
332,K,3
332,L,1
332,M,2
332,N,2
332,P,2
332,Q,3
332,R,2
332,S,1
332,T,2
332,V,1
332,W,2
332,Y,1
332,-,3
333,A,1
333,C,1
333,D,1
333,E,2
333,F,2
333,G,0
333,H,2
333,I,2
333,K,3
333,L,2
333,M,3
333,N,2
333,P,2
333,Q,3
333,R,1
333,S,1
333,T,2
333,V,1
333,W,2
333,Y,2
333,-,3
334,A,0
334,C,2
334,D,1
334,E,2
334,F,2
334,G,1
334,H,2
334,I,2
334,K,3
334,L,2
334,M,3
334,N,2
334,P,1
334,Q,3
334,R,2
334,S,1
334,T,1
334,V,1
334,W,3
334,Y,2
334,-,3
335,A,2
335,C,2
335,D,2
335,E,3
335,F,1
335,G,2
335,H,2
335,I,0
335,K,2
335,L,1
335,M,1
335,N,1
335,P,2
335,Q,3
335,R,2
335,S,1
335,T,1
335,V,1
335,W,3
335,Y,2
335,-,3
336,A,0
336,C,2
336,D,1
336,E,2
336,F,2
336,G,1
336,H,2
336,I,2
336,K,3
336,L,2
336,M,3
336,N,2
336,P,1
336,Q,3
336,R,2
336,S,1
336,T,1
336,V,1
336,W,3
336,Y,2
336,-,3
337,A,1
337,C,2
337,D,2
337,E,1
337,F,3
337,G,0
337,H,3
337,I,2
337,K,2
337,L,2
337,M,3
337,N,3
337,P,2
337,Q,2
337,R,1
337,S,2
337,T,2
337,V,1
337,W,2
337,Y,3
337,-,3
338,A,2
338,C,1
338,D,2
338,E,3
338,F,0
338,G,2
338,H,2
338,I,1
338,K,3
338,L,1
338,M,2
338,N,2
338,P,2
338,Q,3
338,R,2
338,S,1
338,T,2
338,V,1
338,W,2
338,Y,1
338,-,3
339,A,2
339,C,2
339,D,2
339,E,3
339,F,1
339,G,2
339,H,2
339,I,0
339,K,2
339,L,1
339,M,1
339,N,1
339,P,2
339,Q,3
339,R,2
339,S,1
339,T,1
339,V,1
339,W,3
339,Y,2
339,-,3
340,A,1
340,C,3
340,D,1
340,E,0
340,F,3
340,G,1
340,H,2
340,I,2
340,K,1
340,L,2
340,M,3
340,N,2
340,P,2
340,Q,1
340,R,2
340,S,2
340,T,2
340,V,1
340,W,3
340,Y,2
340,-,3
341,A,2
341,C,2
341,D,1
341,E,2
341,F,2
341,G,2
341,H,1
341,I,1
341,K,1
341,L,2
341,M,2
341,N,0
341,P,2
341,Q,2
341,R,2
341,S,1
341,T,1
341,V,2
341,W,3
341,Y,1
341,-,3
342,A,1
342,C,2
342,D,2
342,E,1
342,F,3
342,G,0
342,H,3
342,I,2
342,K,2
342,L,2
342,M,3
342,N,3
342,P,2
342,Q,2
342,R,1
342,S,2
342,T,2
342,V,1
342,W,2
342,Y,3
342,-,3
343,A,2
343,C,1
343,D,3
343,E,2
343,F,2
343,G,1
343,H,3
343,I,3
343,K,2
343,L,1
343,M,2
343,N,3
343,P,2
343,Q,2
343,R,1
343,S,1
343,T,2
343,V,2
343,W,0
343,Y,2
343,-,3
344,A,1
344,C,3
344,D,1
344,E,0
344,F,3
344,G,1
344,H,2
344,I,3
344,K,1
344,L,2
344,M,2
344,N,2
344,P,2
344,Q,1
344,R,2
344,S,2
344,T,2
344,V,1
344,W,2
344,Y,2
344,-,3
345,A,1
345,C,1
345,D,1
345,E,2
345,F,2
345,G,0
345,H,2
345,I,2
345,K,3
345,L,2
345,M,3
345,N,2
345,P,2
345,Q,3
345,R,1
345,S,1
345,T,2
345,V,1
345,W,2
345,Y,2
345,-,3
346,A,2
346,C,3
346,D,3
346,E,2
346,F,2
346,G,2
346,H,2
346,I,2
346,K,2
346,L,0
346,M,1
346,N,3
346,P,1
346,Q,1
346,R,1
346,S,2
346,T,2
346,V,1
346,W,2
346,Y,3
346,-,3
347,A,2
347,C,2
347,D,2
347,E,3
347,F,1
347,G,2
347,H,2
347,I,0
347,K,2
347,L,1
347,M,1
347,N,1
347,P,2
347,Q,3
347,R,2
347,S,1
347,T,1
347,V,1
347,W,3
347,Y,2
347,-,3
348,A,1
348,C,2
348,D,0
348,E,1
348,F,2
348,G,1
348,H,1
348,I,2
348,K,2
348,L,2
348,M,3
348,N,1
348,P,2
348,Q,2
348,R,2
348,S,2
348,T,2
348,V,1
348,W,3
348,Y,1
348,-,3
349,A,1
349,C,1
349,D,1
349,E,2
349,F,2
349,G,0
349,H,2
349,I,2
349,K,3
349,L,2
349,M,3
349,N,2
349,P,2
349,Q,3
349,R,1
349,S,1
349,T,2
349,V,1
349,W,2
349,Y,2
349,-,3
350,A,2
350,C,1
350,D,3
350,E,2
350,F,2
350,G,1
350,H,3
350,I,3
350,K,2
350,L,1
350,M,2
350,N,3
350,P,2
350,Q,2
350,R,1
350,S,1
350,T,2
350,V,2
350,W,0
350,Y,2
350,-,3
351,A,2
351,C,1
351,D,1
351,E,2
351,F,1
351,G,2
351,H,1
351,I,2
351,K,2
351,L,2
351,M,3
351,N,1
351,P,2
351,Q,2
351,R,2
351,S,1
351,T,2
351,V,2
351,W,2
351,Y,0
351,-,3
352,A,1
352,C,1
352,D,1
352,E,2
352,F,2
352,G,0
352,H,2
352,I,2
352,K,3
352,L,2
352,M,3
352,N,2
352,P,2
352,Q,3
352,R,1
352,S,1
352,T,2
352,V,1
352,W,2
352,Y,2
352,-,3
353,A,2
353,C,1
353,D,2
353,E,3
353,F,0
353,G,2
353,H,2
353,I,1
353,K,3
353,L,1
353,M,2
353,N,2
353,P,2
353,Q,3
353,R,2
353,S,1
353,T,2
353,V,1
353,W,2
353,Y,1
353,-,3
354,A,2
354,C,2
354,D,3
354,E,2
354,F,3
354,G,1
354,H,3
354,I,1
354,K,1
354,L,2
354,M,2
354,N,2
354,P,2
354,Q,2
354,R,0
354,S,1
354,T,1
354,V,2
354,W,2
354,Y,3
354,-,3
355,A,2
355,C,2
355,D,1
355,E,2
355,F,2
355,G,2
355,H,0
355,I,2
355,K,2
355,L,1
355,M,3
355,N,1
355,P,1
355,Q,1
355,R,1
355,S,2
355,T,2
355,V,2
355,W,3
355,Y,1
355,-,3
356,A,2
356,C,3
356,D,2
356,E,1
356,F,3
356,G,2
356,H,1
356,I,3
356,K,1
356,L,1
356,M,2
356,N,2
356,P,1
356,Q,0
356,R,1
356,S,2
356,T,2
356,V,2
356,W,2
356,Y,2
356,-,3
357,A,2
357,C,2
357,D,1
357,E,2
357,F,2
357,G,2
357,H,1
357,I,1
357,K,1
357,L,2
357,M,2
357,N,0
357,P,2
357,Q,2
357,R,2
357,S,1
357,T,1
357,V,2
357,W,3
357,Y,1
357,-,3
358,A,0
358,C,2
358,D,1
358,E,2
358,F,2
358,G,1
358,H,2
358,I,2
358,K,3
358,L,2
358,M,3
358,N,2
358,P,1
358,Q,3
358,R,2
358,S,1
358,T,1
358,V,1
358,W,3
358,Y,2
358,-,3
359,A,2
359,C,3
359,D,2
359,E,1
359,F,3
359,G,2
359,H,1
359,I,3
359,K,1
359,L,1
359,M,2
359,N,2
359,P,1
359,Q,0
359,R,1
359,S,2
359,T,2
359,V,2
359,W,2
359,Y,2
359,-,3
360,A,1
360,C,1
360,D,1
360,E,2
360,F,2
360,G,0
360,H,2
360,I,2
360,K,3
360,L,2
360,M,3
360,N,2
360,P,2
360,Q,3
360,R,1
360,S,1
360,T,2
360,V,1
360,W,2
360,Y,2
360,-,3
361,A,1
361,C,3
361,D,1
361,E,0
361,F,3
361,G,1
361,H,2
361,I,3
361,K,1
361,L,2
361,M,2
361,N,2
361,P,2
361,Q,1
361,R,2
361,S,2
361,T,2
361,V,1
361,W,2
361,Y,2
361,-,3
362,A,1
362,C,1
362,D,1
362,E,2
362,F,2
362,G,0
362,H,2
362,I,2
362,K,3
362,L,2
362,M,3
362,N,2
362,P,2
362,Q,3
362,R,1
362,S,1
362,T,2
362,V,1
362,W,2
362,Y,2
362,-,3
363,A,1
363,C,2
363,D,2
363,E,3
363,F,2
363,G,2
363,H,2
363,I,1
363,K,2
363,L,2
363,M,2
363,N,1
363,P,1
363,Q,3
363,R,2
363,S,1
363,T,0
363,V,2
363,W,3
363,Y,2
363,-,3
364,A,0
364,C,2
364,D,1
364,E,2
364,F,2
364,G,1
364,H,2
364,I,2
364,K,3
364,L,2
364,M,3
364,N,2
364,P,1
364,Q,3
364,R,2
364,S,1
364,T,1
364,V,1
364,W,3
364,Y,2
364,-,3
365,A,0
365,C,2
365,D,1
365,E,2
365,F,2
365,G,1
365,H,2
365,I,2
365,K,3
365,L,2
365,M,3
365,N,2
365,P,1
365,Q,3
365,R,2
365,S,1
365,T,1
365,V,1
365,W,3
365,Y,2
365,-,3
366,A,1
366,C,2
366,D,0
366,E,1
366,F,2
366,G,1
366,H,1
366,I,2
366,K,2
366,L,2
366,M,3
366,N,1
366,P,2
366,Q,2
366,R,2
366,S,2
366,T,2
366,V,1
366,W,3
366,Y,1
366,-,3
367,A,2
367,C,1
367,D,1
367,E,2
367,F,1
367,G,2
367,H,1
367,I,2
367,K,2
367,L,2
367,M,3
367,N,1
367,P,2
367,Q,2
367,R,2
367,S,1
367,T,2
367,V,2
367,W,2
367,Y,0
367,-,3
368,A,2
368,C,3
368,D,2
368,E,1
368,F,3
368,G,2
368,H,2
368,I,2
368,K,0
368,L,2
368,M,1
368,N,1
368,P,2
368,Q,1
368,R,1
368,S,2
368,T,1
368,V,2
368,W,2
368,Y,2
368,-,3
369,A,2
369,C,1
369,D,2
369,E,3
369,F,2
369,G,1
369,H,2
369,I,1
369,K,2
369,L,2
369,M,2
369,N,1
369,P,2
369,Q,3
369,R,1
369,S,0
369,T,1
369,V,2
369,W,2
369,Y,2
369,-,3
370,A,1
370,C,3
370,D,3
370,E,2
370,F,3
370,G,2
370,H,3
370,I,1
370,K,1
370,L,2
370,M,2
370,N,2
370,P,1
370,Q,2
370,R,1
370,S,1
370,T,0
370,V,2
370,W,3
370,Y,3
370,-,3
371,A,2
371,C,3
371,D,2
371,E,1
371,F,3
371,G,2
371,H,1
371,I,3
371,K,1
371,L,1
371,M,2
371,N,2
371,P,1
371,Q,0
371,R,1
371,S,2
371,T,2
371,V,2
371,W,2
371,Y,2
371,-,3
372,A,2
372,C,1
372,D,2
372,E,3
372,F,2
372,G,1
372,H,2
372,I,1
372,K,2
372,L,2
372,M,2
372,N,1
372,P,2
372,Q,3
372,R,1
372,S,0
372,T,1
372,V,2
372,W,2
372,Y,2
372,-,3
373,A,0
373,C,2
373,D,1
373,E,2
373,F,2
373,G,1
373,H,2
373,I,2
373,K,3
373,L,2
373,M,3
373,N,2
373,P,1
373,Q,3
373,R,2
373,S,1
373,T,1
373,V,1
373,W,3
373,Y,2
373,-,3
374,A,2
374,C,2
374,D,2
374,E,3
374,F,1
374,G,2
374,H,2
374,I,0
374,K,2
374,L,1
374,M,1
374,N,1
374,P,2
374,Q,3
374,R,2
374,S,1
374,T,1
374,V,1
374,W,3
374,Y,2
374,-,3
375,A,1
375,C,2
375,D,0
375,E,1
375,F,2
375,G,1
375,H,1
375,I,2
375,K,2
375,L,2
375,M,3
375,N,1
375,P,2
375,Q,2
375,R,2
375,S,2
375,T,2
375,V,1
375,W,3
375,Y,1
375,-,3
376,A,2
376,C,3
376,D,2
376,E,1
376,F,3
376,G,2
376,H,1
376,I,3
376,K,1
376,L,1
376,M,2
376,N,2
376,P,1
376,Q,0
376,R,1
376,S,2
376,T,2
376,V,2
376,W,2
376,Y,2
376,-,3
377,A,2
377,C,2
377,D,2
377,E,3
377,F,1
377,G,2
377,H,2
377,I,0
377,K,2
377,L,1
377,M,1
377,N,1
377,P,2
377,Q,3
377,R,2
377,S,1
377,T,1
377,V,1
377,W,3
377,Y,2
377,-,3
378,A,1
378,C,2
378,D,2
378,E,3
378,F,2
378,G,2
378,H,2
378,I,1
378,K,2
378,L,2
378,M,2
378,N,1
378,P,1
378,Q,3
378,R,2
378,S,1
378,T,0
378,V,2
378,W,3
378,Y,2
378,-,3
379,A,1
379,C,1
379,D,1
379,E,2
379,F,2
379,G,0
379,H,2
379,I,2
379,K,3
379,L,2
379,M,3
379,N,2
379,P,2
379,Q,3
379,R,1
379,S,1
379,T,2
379,V,1
379,W,2
379,Y,2
379,-,3
380,A,2
380,C,3
380,D,2
380,E,1
380,F,3
380,G,2
380,H,2
380,I,2
380,K,0
380,L,2
380,M,1
380,N,1
380,P,2
380,Q,1
380,R,1
380,S,2
380,T,1
380,V,2
380,W,2
380,Y,2
380,-,3
381,A,2
381,C,2
381,D,2
381,E,3
381,F,1
381,G,2
381,H,1
381,I,1
381,K,3
381,L,0
381,M,2
381,N,2
381,P,1
381,Q,2
381,R,1
381,S,2
381,T,2
381,V,1
381,W,3
381,Y,2
381,-,3
382,A,2
382,C,2
382,D,1
382,E,2
382,F,2
382,G,2
382,H,1
382,I,1
382,K,1
382,L,2
382,M,2
382,N,0
382,P,2
382,Q,2
382,R,2
382,S,1
382,T,1
382,V,2
382,W,3
382,Y,1
382,-,3
383,A,2
383,C,2
383,D,3
383,E,2
383,F,3
383,G,1
383,H,3
383,I,1
383,K,1
383,L,2
383,M,2
383,N,2
383,P,2
383,Q,2
383,R,0
383,S,1
383,T,1
383,V,2
383,W,2
383,Y,3
383,-,3
384,A,2
384,C,3
384,D,3
384,E,2
384,F,2
384,G,2
384,H,2
384,I,2
384,K,2
384,L,0
384,M,1
384,N,3
384,P,1
384,Q,1
384,R,1
384,S,2
384,T,2
384,V,1
384,W,2
384,Y,3
384,-,3
385,A,2
385,C,2
385,D,2
385,E,3
385,F,1
385,G,2
385,H,2
385,I,0
385,K,2
385,L,1
385,M,1
385,N,1
385,P,2
385,Q,3
385,R,2
385,S,1
385,T,1
385,V,1
385,W,3
385,Y,2
385,-,3
386,A,1
386,C,3
386,D,1
386,E,0
386,F,3
386,G,1
386,H,2
386,I,3
386,K,1
386,L,2
386,M,2
386,N,2
386,P,2
386,Q,1
386,R,2
386,S,2
386,T,2
386,V,1
386,W,2
386,Y,2
386,-,3
387,A,2
387,C,3
387,D,2
387,E,1
387,F,3
387,G,2
387,H,2
387,I,2
387,K,0
387,L,2
387,M,1
387,N,1
387,P,2
387,Q,1
387,R,1
387,S,2
387,T,1
387,V,2
387,W,2
387,Y,2
387,-,3
388,A,1
388,C,3
388,D,3
388,E,2
388,F,3
388,G,2
388,H,3
388,I,1
388,K,1
388,L,2
388,M,2
388,N,2
388,P,1
388,Q,2
388,R,1
388,S,1
388,T,0
388,V,2
388,W,3
388,Y,3
388,-,3
389,A,2
389,C,2
389,D,1
389,E,2
389,F,2
389,G,2
389,H,1
389,I,1
389,K,1
389,L,2
389,M,2
389,N,0
389,P,2
389,Q,2
389,R,2
389,S,1
389,T,1
389,V,2
389,W,3
389,Y,1
389,-,3
390,A,2
390,C,3
390,D,2
390,E,1
390,F,3
390,G,2
390,H,1
390,I,3
390,K,1
390,L,1
390,M,2
390,N,2
390,P,1
390,Q,0
390,R,1
390,S,2
390,T,2
390,V,2
390,W,2
390,Y,2
390,-,3
391,A,2
391,C,3
391,D,2
391,E,1
391,F,3
391,G,2
391,H,1
391,I,3
391,K,1
391,L,1
391,M,2
391,N,2
391,P,1
391,Q,0
391,R,1
391,S,2
391,T,2
391,V,2
391,W,2
391,Y,2
391,-,3
392,A,2
392,C,1
392,D,2
392,E,3
392,F,0
392,G,2
392,H,2
392,I,1
392,K,3
392,L,1
392,M,2
392,N,2
392,P,2
392,Q,3
392,R,2
392,S,1
392,T,2
392,V,1
392,W,2
392,Y,1
392,-,3
393,A,1
393,C,3
393,D,1
393,E,0
393,F,3
393,G,1
393,H,2
393,I,3
393,K,1
393,L,2
393,M,2
393,N,2
393,P,2
393,Q,1
393,R,2
393,S,2
393,T,2
393,V,1
393,W,2
393,Y,2
393,-,3
394,A,2
394,C,3
394,D,3
394,E,2
394,F,2
394,G,2
394,H,2
394,I,2
394,K,2
394,L,0
394,M,1
394,N,3
394,P,1
394,Q,1
394,R,1
394,S,2
394,T,2
394,V,1
394,W,2
394,Y,3
394,-,3
395,A,2
395,C,2
395,D,2
395,E,3
395,F,1
395,G,2
395,H,2
395,I,0
395,K,2
395,L,1
395,M,1
395,N,1
395,P,2
395,Q,3
395,R,2
395,S,1
395,T,1
395,V,1
395,W,3
395,Y,2
395,-,3
396,A,1
396,C,2
396,D,0
396,E,1
396,F,2
396,G,1
396,H,1
396,I,2
396,K,2
396,L,2
396,M,3
396,N,1
396,P,2
396,Q,2
396,R,2
396,S,2
396,T,2
396,V,1
396,W,3
396,Y,1
396,-,3
397,A,2
397,C,2
397,D,1
397,E,2
397,F,2
397,G,2
397,H,1
397,I,1
397,K,1
397,L,2
397,M,2
397,N,0
397,P,2
397,Q,2
397,R,2
397,S,1
397,T,1
397,V,2
397,W,3
397,Y,1
397,-,3
398,A,1
398,C,3
398,D,1
398,E,0
398,F,3
398,G,1
398,H,2
398,I,3
398,K,1
398,L,2
398,M,2
398,N,2
398,P,2
398,Q,1
398,R,2
398,S,2
398,T,2
398,V,1
398,W,2
398,Y,2
398,-,3
399,A,2
399,C,1
399,D,2
399,E,3
399,F,0
399,G,2
399,H,2
399,I,1
399,K,3
399,L,1
399,M,2
399,N,2
399,P,2
399,Q,3
399,R,2
399,S,1
399,T,2
399,V,1
399,W,2
399,Y,1
399,-,3
400,A,2
400,C,2
400,D,1
400,E,2
400,F,2
400,G,2
400,H,1
400,I,1
400,K,1
400,L,2
400,M,2
400,N,0
400,P,2
400,Q,2
400,R,2
400,S,1
400,T,1
400,V,2
400,W,3
400,Y,1
400,-,3
401,A,1
401,C,3
401,D,1
401,E,0
401,F,3
401,G,1
401,H,2
401,I,3
401,K,1
401,L,2
401,M,2
401,N,2
401,P,2
401,Q,1
401,R,2
401,S,2
401,T,2
401,V,1
401,W,2
401,Y,2
401,-,3
402,A,1
402,C,3
402,D,2
402,E,1
402,F,2
402,G,1
402,H,3
402,I,2
402,K,2
402,L,1
402,M,1
402,N,3
402,P,2
402,Q,2
402,R,2
402,S,2
402,T,2
402,V,0
402,W,2
402,Y,3
402,-,3
403,A,1
403,C,3
403,D,1
403,E,0
403,F,3
403,G,1
403,H,2
403,I,2
403,K,1
403,L,2
403,M,3
403,N,2
403,P,2
403,Q,1
403,R,2
403,S,2
403,T,2
403,V,1
403,W,3
403,Y,2
403,-,3
404,A,2
404,C,3
404,D,2
404,E,1
404,F,3
404,G,2
404,H,2
404,I,2
404,K,0
404,L,2
404,M,1
404,N,1
404,P,2
404,Q,1
404,R,1
404,S,2
404,T,1
404,V,2
404,W,2
404,Y,2
404,-,3
405,A,2
405,C,3
405,D,2
405,E,1
405,F,3
405,G,2
405,H,1
405,I,3
405,K,1
405,L,1
405,M,2
405,N,2
405,P,1
405,Q,0
405,R,1
405,S,2
405,T,2
405,V,2
405,W,2
405,Y,2
405,-,3
406,A,2
406,C,2
406,D,2
406,E,3
406,F,1
406,G,2
406,H,2
406,I,0
406,K,2
406,L,1
406,M,1
406,N,1
406,P,2
406,Q,3
406,R,2
406,S,1
406,T,1
406,V,1
406,W,3
406,Y,2
406,-,3
407,A,1
407,C,1
407,D,1
407,E,2
407,F,2
407,G,0
407,H,2
407,I,2
407,K,3
407,L,2
407,M,3
407,N,2
407,P,2
407,Q,3
407,R,1
407,S,1
407,T,2
407,V,1
407,W,2
407,Y,2
407,-,3
408,A,2
408,C,2
408,D,1
408,E,2
408,F,2
408,G,2
408,H,1
408,I,1
408,K,1
408,L,2
408,M,2
408,N,0
408,P,2
408,Q,2
408,R,2
408,S,1
408,T,1
408,V,2
408,W,3
408,Y,1
408,-,3
409,A,1
409,C,3
409,D,2
409,E,1
409,F,2
409,G,1
409,H,3
409,I,2
409,K,2
409,L,1
409,M,1
409,N,3
409,P,2
409,Q,2
409,R,2
409,S,2
409,T,2
409,V,0
409,W,2
409,Y,3
409,-,3
410,A,2
410,C,2
410,D,2
410,E,3
410,F,1
410,G,2
410,H,2
410,I,0
410,K,2
410,L,1
410,M,1
410,N,1
410,P,2
410,Q,3
410,R,2
410,S,1
410,T,1
410,V,1
410,W,3
410,Y,2
410,-,3
411,A,2
411,C,2
411,D,1
411,E,2
411,F,2
411,G,2
411,H,1
411,I,1
411,K,1
411,L,2
411,M,2
411,N,0
411,P,2
411,Q,2
411,R,2
411,S,1
411,T,1
411,V,2
411,W,3
411,Y,1
411,-,3
412,A,2
412,C,1
412,D,3
412,E,2
412,F,2
412,G,1
412,H,3
412,I,3
412,K,2
412,L,1
412,M,2
412,N,3
412,P,2
412,Q,2
412,R,1
412,S,1
412,T,2
412,V,2
412,W,0
412,Y,2
412,-,3
413,A,1
413,C,2
413,D,2
413,E,3
413,F,2
413,G,2
413,H,2
413,I,1
413,K,2
413,L,2
413,M,2
413,N,1
413,P,1
413,Q,3
413,R,2
413,S,1
413,T,0
413,V,2
413,W,3
413,Y,2
413,-,3
414,A,2
414,C,2
414,D,3
414,E,2
414,F,3
414,G,1
414,H,3
414,I,1
414,K,1
414,L,2
414,M,2
414,N,2
414,P,2
414,Q,2
414,R,0
414,S,1
414,T,1
414,V,2
414,W,2
414,Y,3
414,-,3
415,A,1
415,C,2
415,D,0
415,E,1
415,F,2
415,G,1
415,H,1
415,I,2
415,K,2
415,L,2
415,M,3
415,N,1
415,P,2
415,Q,2
415,R,2
415,S,2
415,T,2
415,V,1
415,W,3
415,Y,1
415,-,3
416,A,2
416,C,1
416,D,2
416,E,3
416,F,2
416,G,1
416,H,2
416,I,1
416,K,2
416,L,2
416,M,2
416,N,1
416,P,2
416,Q,3
416,R,1
416,S,0
416,T,1
416,V,2
416,W,2
416,Y,2
416,-,3
417,A,2
417,C,2
417,D,2
417,E,3
417,F,1
417,G,2
417,H,2
417,I,0
417,K,2
417,L,1
417,M,1
417,N,1
417,P,2
417,Q,3
417,R,2
417,S,1
417,T,1
417,V,1
417,W,3
417,Y,2
417,-,3
418,A,1
418,C,3
418,D,3
418,E,2
418,F,3
418,G,2
418,H,3
418,I,1
418,K,1
418,L,2
418,M,2
418,N,2
418,P,1
418,Q,2
418,R,1
418,S,1
418,T,0
418,V,2
418,W,3
418,Y,3
418,-,3
419,A,1
419,C,3
419,D,1
419,E,0
419,F,3
419,G,1
419,H,2
419,I,3
419,K,1
419,L,2
419,M,2
419,N,2
419,P,2
419,Q,1
419,R,2
419,S,2
419,T,2
419,V,1
419,W,2
419,Y,2
419,-,3
420,A,1
420,C,3
420,D,2
420,E,1
420,F,2
420,G,1
420,H,3
420,I,2
420,K,2
420,L,1
420,M,1
420,N,3
420,P,2
420,Q,2
420,R,2
420,S,2
420,T,2
420,V,0
420,W,2
420,Y,3
420,-,3
421,A,2
421,C,1
421,D,3
421,E,2
421,F,2
421,G,1
421,H,3
421,I,3
421,K,2
421,L,1
421,M,2
421,N,3
421,P,2
421,Q,2
421,R,1
421,S,1
421,T,2
421,V,2
421,W,0
421,Y,2
421,-,3
422,A,2
422,C,1
422,D,2
422,E,3
422,F,2
422,G,1
422,H,2
422,I,1
422,K,2
422,L,2
422,M,2
422,N,1
422,P,2
422,Q,3
422,R,1
422,S,0
422,T,1
422,V,2
422,W,2
422,Y,2
422,-,3
423,A,2
423,C,1
423,D,1
423,E,2
423,F,1
423,G,2
423,H,1
423,I,2
423,K,2
423,L,2
423,M,3
423,N,1
423,P,2
423,Q,2
423,R,2
423,S,1
423,T,2
423,V,2
423,W,2
423,Y,0
423,-,3
424,A,2
424,C,2
424,D,1
424,E,2
424,F,2
424,G,2
424,H,1
424,I,1
424,K,1
424,L,2
424,M,2
424,N,0
424,P,2
424,Q,2
424,R,2
424,S,1
424,T,1
424,V,2
424,W,3
424,Y,1
424,-,3
425,A,0
425,C,2
425,D,1
425,E,2
425,F,2
425,G,1
425,H,2
425,I,2
425,K,3
425,L,2
425,M,3
425,N,2
425,P,1
425,Q,3
425,R,2
425,S,1
425,T,1
425,V,1
425,W,3
425,Y,2
425,-,3
426,A,1
426,C,3
426,D,1
426,E,0
426,F,3
426,G,1
426,H,2
426,I,2
426,K,1
426,L,2
426,M,3
426,N,2
426,P,2
426,Q,1
426,R,2
426,S,2
426,T,2
426,V,1
426,W,3
426,Y,2
426,-,3
427,A,2
427,C,2
427,D,2
427,E,3
427,F,1
427,G,2
427,H,1
427,I,1
427,K,3
427,L,0
427,M,2
427,N,2
427,P,1
427,Q,2
427,R,1
427,S,2
427,T,2
427,V,1
427,W,3
427,Y,2
427,-,3
428,A,2
428,C,3
428,D,3
428,E,2
428,F,2
428,G,2
428,H,2
428,I,2
428,K,2
428,L,0
428,M,1
428,N,3
428,P,1
428,Q,1
428,R,1
428,S,2
428,T,2
428,V,1
428,W,2
428,Y,3
428,-,3
429,A,1
429,C,2
429,D,1
429,E,2
429,F,1
429,G,1
429,H,2
429,I,1
429,K,3
429,L,1
429,M,2
429,N,2
429,P,2
429,Q,3
429,R,2
429,S,2
429,T,2
429,V,0
429,W,3
429,Y,2
429,-,3
430,A,0
430,C,2
430,D,1
430,E,2
430,F,2
430,G,1
430,H,2
430,I,2
430,K,3
430,L,2
430,M,3
430,N,2
430,P,1
430,Q,3
430,R,2
430,S,1
430,T,1
430,V,1
430,W,3
430,Y,2
430,-,3
431,A,2
431,C,3
431,D,3
431,E,2
431,F,2
431,G,2
431,H,3
431,I,1
431,K,1
431,L,1
431,M,0
431,N,2
431,P,2
431,Q,2
431,R,1
431,S,2
431,T,1
431,V,1
431,W,2
431,Y,3
431,-,3
432,A,1
432,C,3
432,D,1
432,E,0
432,F,3
432,G,1
432,H,2
432,I,2
432,K,1
432,L,2
432,M,3
432,N,2
432,P,2
432,Q,1
432,R,2
432,S,2
432,T,2
432,V,1
432,W,3
432,Y,2
432,-,3
433,A,2
433,C,2
433,D,1
433,E,2
433,F,2
433,G,2
433,H,1
433,I,1
433,K,1
433,L,2
433,M,2
433,N,0
433,P,2
433,Q,2
433,R,2
433,S,1
433,T,1
433,V,2
433,W,3
433,Y,1
433,-,3
434,A,2
434,C,3
434,D,2
434,E,1
434,F,3
434,G,2
434,H,1
434,I,3
434,K,1
434,L,1
434,M,2
434,N,2
434,P,1
434,Q,0
434,R,1
434,S,2
434,T,2
434,V,2
434,W,2
434,Y,2
434,-,3
435,A,2
435,C,2
435,D,1
435,E,2
435,F,2
435,G,2
435,H,0
435,I,2
435,K,2
435,L,1
435,M,3
435,N,1
435,P,1
435,Q,1
435,R,1
435,S,2
435,T,2
435,V,2
435,W,3
435,Y,1
435,-,3
436,A,1
436,C,2
436,D,2
436,E,3
436,F,2
436,G,2
436,H,2
436,I,1
436,K,2
436,L,2
436,M,2
436,N,1
436,P,1
436,Q,3
436,R,2
436,S,1
436,T,0
436,V,2
436,W,3
436,Y,2
436,-,3
437,A,2
437,C,2
437,D,2
437,E,3
437,F,1
437,G,2
437,H,2
437,I,0
437,K,2
437,L,1
437,M,1
437,N,1
437,P,2
437,Q,3
437,R,2
437,S,1
437,T,1
437,V,1
437,W,3
437,Y,2
437,-,3
438,A,1
438,C,2
438,D,0
438,E,1
438,F,2
438,G,1
438,H,1
438,I,2
438,K,2
438,L,2
438,M,3
438,N,1
438,P,2
438,Q,2
438,R,2
438,S,2
438,T,2
438,V,1
438,W,3
438,Y,1
438,-,3
439,A,2
439,C,3
439,D,3
439,E,2
439,F,2
439,G,2
439,H,2
439,I,2
439,K,2
439,L,0
439,M,1
439,N,3
439,P,1
439,Q,1
439,R,1
439,S,2
439,T,2
439,V,1
439,W,2
439,Y,3
439,-,3
440,A,0
440,C,2
440,D,1
440,E,2
440,F,2
440,G,1
440,H,2
440,I,2
440,K,3
440,L,2
440,M,3
440,N,2
440,P,1
440,Q,3
440,R,2
440,S,1
440,T,1
440,V,1
440,W,3
440,Y,2
440,-,3
441,A,1
441,C,2
441,D,0
441,E,1
441,F,2
441,G,1
441,H,1
441,I,2
441,K,2
441,L,2
441,M,3
441,N,1
441,P,2
441,Q,2
441,R,2
441,S,2
441,T,2
441,V,1
441,W,3
441,Y,1
441,-,3
442,A,2
442,C,1
442,D,2
442,E,3
442,F,2
442,G,1
442,H,2
442,I,1
442,K,2
442,L,2
442,M,2
442,N,1
442,P,2
442,Q,3
442,R,1
442,S,0
442,T,1
442,V,2
442,W,2
442,Y,2
442,-,3
443,A,1
443,C,3
443,D,1
443,E,0
443,F,3
443,G,1
443,H,2
443,I,3
443,K,1
443,L,2
443,M,2
443,N,2
443,P,2
443,Q,1
443,R,2
443,S,2
443,T,2
443,V,1
443,W,2
443,Y,2
443,-,3
444,A,2
444,C,3
444,D,3
444,E,2
444,F,2
444,G,2
444,H,3
444,I,1
444,K,1
444,L,1
444,M,0
444,N,2
444,P,2
444,Q,2
444,R,1
444,S,2
444,T,1
444,V,1
444,W,2
444,Y,3
444,-,3
445,A,1
445,C,2
445,D,0
445,E,1
445,F,2
445,G,1
445,H,1
445,I,2
445,K,2
445,L,2
445,M,3
445,N,1
445,P,2
445,Q,2
445,R,2
445,S,2
445,T,2
445,V,1
445,W,3
445,Y,1
445,-,3
446,A,2
446,C,3
446,D,2
446,E,1
446,F,3
446,G,2
446,H,2
446,I,2
446,K,0
446,L,2
446,M,1
446,N,1
446,P,2
446,Q,1
446,R,1
446,S,2
446,T,1
446,V,2
446,W,2
446,Y,2
446,-,3
447,A,2
447,C,3
447,D,3
447,E,2
447,F,2
447,G,2
447,H,2
447,I,2
447,K,2
447,L,0
447,M,1
447,N,3
447,P,1
447,Q,1
447,R,1
447,S,2
447,T,2
447,V,1
447,W,2
447,Y,3
447,-,3
448,A,2
448,C,1
448,D,1
448,E,2
448,F,1
448,G,2
448,H,1
448,I,2
448,K,2
448,L,2
448,M,3
448,N,1
448,P,2
448,Q,2
448,R,2
448,S,1
448,T,2
448,V,2
448,W,2
448,Y,0
448,-,3
449,A,1
449,C,3
449,D,1
449,E,0
449,F,3
449,G,1
449,H,2
449,I,3
449,K,1
449,L,2
449,M,2
449,N,2
449,P,2
449,Q,1
449,R,2
449,S,2
449,T,2
449,V,1
449,W,2
449,Y,2
449,-,3
450,A,2
450,C,2
450,D,3
450,E,2
450,F,3
450,G,1
450,H,2
450,I,3
450,K,2
450,L,1
450,M,2
450,N,3
450,P,1
450,Q,1
450,R,0
450,S,2
450,T,2
450,V,2
450,W,1
450,Y,3
450,-,3
451,A,1
451,C,3
451,D,2
451,E,1
451,F,2
451,G,1
451,H,3
451,I,2
451,K,2
451,L,1
451,M,1
451,N,3
451,P,2
451,Q,2
451,R,2
451,S,2
451,T,2
451,V,0
451,W,2
451,Y,3
451,-,3
452,A,2
452,C,3
452,D,2
452,E,1
452,F,3
452,G,2
452,H,2
452,I,2
452,K,0
452,L,2
452,M,1
452,N,1
452,P,2
452,Q,1
452,R,1
452,S,2
452,T,1
452,V,2
452,W,2
452,Y,2
452,-,3
453,A,2
453,C,2
453,D,3
453,E,2
453,F,3
453,G,1
453,H,2
453,I,3
453,K,2
453,L,1
453,M,2
453,N,3
453,P,1
453,Q,1
453,R,0
453,S,2
453,T,2
453,V,2
453,W,1
453,Y,3
453,-,3
454,A,2
454,C,3
454,D,2
454,E,1
454,F,3
454,G,2
454,H,1
454,I,3
454,K,1
454,L,1
454,M,2
454,N,2
454,P,1
454,Q,0
454,R,1
454,S,2
454,T,2
454,V,2
454,W,2
454,Y,2
454,-,3
455,A,2
455,C,3
455,D,3
455,E,2
455,F,2
455,G,2
455,H,2
455,I,2
455,K,2
455,L,0
455,M,1
455,N,3
455,P,1
455,Q,1
455,R,1
455,S,2
455,T,2
455,V,1
455,W,2
455,Y,3
455,-,3
456,A,2
456,C,2
456,D,3
456,E,2
456,F,3
456,G,1
456,H,3
456,I,1
456,K,1
456,L,2
456,M,2
456,N,2
456,P,2
456,Q,2
456,R,0
456,S,1
456,T,1
456,V,2
456,W,2
456,Y,3
456,-,3
457,A,1
457,C,3
457,D,1
457,E,0
457,F,3
457,G,1
457,H,2
457,I,3
457,K,1
457,L,2
457,M,2
457,N,2
457,P,2
457,Q,1
457,R,2
457,S,2
457,T,2
457,V,1
457,W,2
457,Y,2
457,-,3
458,A,2
458,C,2
458,D,1
458,E,2
458,F,2
458,G,2
458,H,1
458,I,1
458,K,1
458,L,2
458,M,2
458,N,0
458,P,2
458,Q,2
458,R,2
458,S,1
458,T,1
458,V,2
458,W,3
458,Y,1
458,-,3
459,A,0
459,C,2
459,D,1
459,E,2
459,F,2
459,G,1
459,H,2
459,I,2
459,K,3
459,L,2
459,M,3
459,N,2
459,P,1
459,Q,3
459,R,2
459,S,1
459,T,1
459,V,1
459,W,3
459,Y,2
459,-,3
460,A,1
460,C,3
460,D,1
460,E,0
460,F,3
460,G,1
460,H,2
460,I,2
460,K,1
460,L,2
460,M,3
460,N,2
460,P,2
460,Q,1
460,R,2
460,S,2
460,T,2
460,V,1
460,W,3
460,Y,2
460,-,3
461,A,1
461,C,3
461,D,1
461,E,0
461,F,3
461,G,1
461,H,2
461,I,3
461,K,1
461,L,2
461,M,2
461,N,2
461,P,2
461,Q,1
461,R,2
461,S,2
461,T,2
461,V,1
461,W,2
461,Y,2
461,-,3
462,A,1
462,C,2
462,D,0
462,E,1
462,F,2
462,G,1
462,H,1
462,I,2
462,K,2
462,L,2
462,M,3
462,N,1
462,P,2
462,Q,2
462,R,2
462,S,2
462,T,2
462,V,1
462,W,3
462,Y,1
462,-,3
463,A,1
463,C,1
463,D,1
463,E,2
463,F,2
463,G,0
463,H,2
463,I,2
463,K,3
463,L,2
463,M,3
463,N,2
463,P,2
463,Q,3
463,R,1
463,S,1
463,T,2
463,V,1
463,W,2
463,Y,2
463,-,3
464,A,1
464,C,3
464,D,3
464,E,2
464,F,3
464,G,2
464,H,3
464,I,1
464,K,1
464,L,2
464,M,2
464,N,2
464,P,1
464,Q,2
464,R,1
464,S,1
464,T,0
464,V,2
464,W,3
464,Y,3
464,-,3
465,A,1
465,C,1
465,D,1
465,E,2
465,F,2
465,G,0
465,H,2
465,I,2
465,K,3
465,L,2
465,M,3
465,N,2
465,P,2
465,Q,3
465,R,1
465,S,1
465,T,2
465,V,1
465,W,2
465,Y,2
465,-,3
466,A,2
466,C,0
466,D,2
466,E,3
466,F,1
466,G,1
466,H,2
466,I,2
466,K,3
466,L,2
466,M,3
466,N,2
466,P,2
466,Q,3
466,R,1
466,S,1
466,T,2
466,V,2
466,W,1
466,Y,1
466,-,3
467,A,2
467,C,1
467,D,2
467,E,3
467,F,0
467,G,2
467,H,2
467,I,1
467,K,3
467,L,1
467,M,2
467,N,2
467,P,2
467,Q,3
467,R,2
467,S,1
467,T,2
467,V,1
467,W,2
467,Y,1
467,-,3
468,A,1
468,C,3
468,D,1
468,E,0
468,F,3
468,G,1
468,H,2
468,I,3
468,K,1
468,L,2
468,M,2
468,N,2
468,P,2
468,Q,1
468,R,2
468,S,2
468,T,2
468,V,1
468,W,2
468,Y,2
468,-,3
469,A,2
469,C,2
469,D,2
469,E,3
469,F,1
469,G,2
469,H,2
469,I,0
469,K,2
469,L,1
469,M,1
469,N,1
469,P,2
469,Q,3
469,R,2
469,S,1
469,T,1
469,V,1
469,W,3
469,Y,2
469,-,3
470,A,2
470,C,1
470,D,2
470,E,3
470,F,0
470,G,2
470,H,2
470,I,1
470,K,3
470,L,1
470,M,2
470,N,2
470,P,2
470,Q,3
470,R,2
470,S,1
470,T,2
470,V,1
470,W,2
470,Y,1
470,-,3
471,A,2
471,C,2
471,D,1
471,E,2
471,F,2
471,G,2
471,H,0
471,I,2
471,K,2
471,L,1
471,M,3
471,N,1
471,P,1
471,Q,1
471,R,1
471,S,2
471,T,2
471,V,2
471,W,3
471,Y,1
471,-,3
472,A,2
472,C,3
472,D,2
472,E,1
472,F,3
472,G,2
472,H,2
472,I,2
472,K,0
472,L,2
472,M,1
472,N,1
472,P,2
472,Q,1
472,R,1
472,S,2
472,T,1
472,V,2
472,W,2
472,Y,2
472,-,3
473,A,2
473,C,0
473,D,2
473,E,3
473,F,1
473,G,1
473,H,2
473,I,2
473,K,3
473,L,2
473,M,3
473,N,2
473,P,2
473,Q,3
473,R,1
473,S,1
473,T,2
473,V,2
473,W,1
473,Y,1
473,-,3
474,A,1
474,C,2
474,D,0
474,E,1
474,F,2
474,G,1
474,H,1
474,I,2
474,K,2
474,L,2
474,M,3
474,N,1
474,P,2
474,Q,2
474,R,2
474,S,2
474,T,2
474,V,1
474,W,3
474,Y,1
474,-,3
475,A,1
475,C,2
475,D,0
475,E,1
475,F,2
475,G,1
475,H,1
475,I,2
475,K,2
475,L,2
475,M,3
475,N,1
475,P,2
475,Q,2
475,R,2
475,S,2
475,T,2
475,V,1
475,W,3
475,Y,1
475,-,3
476,A,1
476,C,2
476,D,0
476,E,1
476,F,2
476,G,1
476,H,1
476,I,2
476,K,2
476,L,2
476,M,3
476,N,1
476,P,2
476,Q,2
476,R,2
476,S,2
476,T,2
476,V,1
476,W,3
476,Y,1
476,-,3
477,A,2
477,C,0
477,D,2
477,E,3
477,F,1
477,G,1
477,H,2
477,I,2
477,K,3
477,L,2
477,M,3
477,N,2
477,P,2
477,Q,3
477,R,1
477,S,1
477,T,2
477,V,2
477,W,1
477,Y,1
477,-,3
478,A,2
478,C,3
478,D,3
478,E,2
478,F,2
478,G,2
478,H,3
478,I,1
478,K,1
478,L,1
478,M,0
478,N,2
478,P,2
478,Q,2
478,R,1
478,S,2
478,T,1
478,V,1
478,W,2
478,Y,3
478,-,3
479,A,0
479,C,2
479,D,1
479,E,2
479,F,2
479,G,1
479,H,2
479,I,2
479,K,3
479,L,2
479,M,3
479,N,2
479,P,1
479,Q,3
479,R,2
479,S,1
479,T,1
479,V,1
479,W,3
479,Y,2
479,-,3
480,A,1
480,C,1
480,D,2
480,E,3
480,F,1
480,G,2
480,H,2
480,I,2
480,K,3
480,L,2
480,M,3
480,N,2
480,P,1
480,Q,3
480,R,2
480,S,0
480,T,1
480,V,2
480,W,2
480,Y,1
480,-,3
481,A,2
481,C,2
481,D,2
481,E,3
481,F,1
481,G,2
481,H,2
481,I,0
481,K,2
481,L,1
481,M,1
481,N,1
481,P,2
481,Q,3
481,R,2
481,S,1
481,T,1
481,V,1
481,W,3
481,Y,2
481,-,3
482,A,2
482,C,2
482,D,3
482,E,2
482,F,3
482,G,1
482,H,2
482,I,3
482,K,2
482,L,1
482,M,2
482,N,3
482,P,1
482,Q,1
482,R,0
482,S,2
482,T,2
482,V,2
482,W,1
482,Y,3
482,-,3
483,A,2
483,C,2
483,D,1
483,E,2
483,F,2
483,G,2
483,H,1
483,I,1
483,K,1
483,L,2
483,M,2
483,N,0
483,P,2
483,Q,2
483,R,2
483,S,1
483,T,1
483,V,2
483,W,3
483,Y,1
483,-,3
484,A,2
484,C,2
484,D,1
484,E,2
484,F,2
484,G,2
484,H,1
484,I,1
484,K,1
484,L,2
484,M,2
484,N,0
484,P,2
484,Q,2
484,R,2
484,S,1
484,T,1
484,V,2
484,W,3
484,Y,1
484,-,3
485,A,1
485,C,3
485,D,3
485,E,2
485,F,3
485,G,2
485,H,3
485,I,1
485,K,1
485,L,2
485,M,2
485,N,2
485,P,1
485,Q,2
485,R,1
485,S,1
485,T,0
485,V,2
485,W,3
485,Y,3
485,-,3
486,A,2
486,C,1
486,D,1
486,E,2
486,F,1
486,G,2
486,H,1
486,I,2
486,K,2
486,L,2
486,M,3
486,N,1
486,P,2
486,Q,2
486,R,2
486,S,1
486,T,2
486,V,2
486,W,2
486,Y,0
486,-,3
487,A,1
487,C,2
487,D,0
487,E,1
487,F,2
487,G,1
487,H,1
487,I,2
487,K,2
487,L,2
487,M,3
487,N,1
487,P,2
487,Q,2
487,R,2
487,S,2
487,T,2
487,V,1
487,W,3
487,Y,1
487,-,3
488,A,2
488,C,2
488,D,1
488,E,2
488,F,2
488,G,2
488,H,0
488,I,2
488,K,2
488,L,1
488,M,3
488,N,1
488,P,1
488,Q,1
488,R,1
488,S,2
488,T,2
488,V,2
488,W,3
488,Y,1
488,-,3
489,A,2
489,C,1
489,D,2
489,E,3
489,F,2
489,G,1
489,H,2
489,I,1
489,K,2
489,L,2
489,M,2
489,N,1
489,P,2
489,Q,3
489,R,1
489,S,0
489,T,1
489,V,2
489,W,2
489,Y,2
489,-,3
490,A,2
490,C,3
490,D,2
490,E,1
490,F,3
490,G,2
490,H,2
490,I,2
490,K,0
490,L,2
490,M,1
490,N,1
490,P,2
490,Q,1
490,R,1
490,S,2
490,T,1
490,V,2
490,W,2
490,Y,2
490,-,3
491,A,2
491,C,1
491,D,1
491,E,2
491,F,1
491,G,2
491,H,1
491,I,2
491,K,2
491,L,2
491,M,3
491,N,1
491,P,2
491,Q,2
491,R,2
491,S,1
491,T,2
491,V,2
491,W,2
491,Y,0
491,-,3
492,A,2
492,C,2
492,D,3
492,E,2
492,F,3
492,G,1
492,H,3
492,I,1
492,K,1
492,L,2
492,M,2
492,N,2
492,P,2
492,Q,2
492,R,0
492,S,1
492,T,1
492,V,2
492,W,2
492,Y,3
492,-,3
493,A,1
493,C,3
493,D,1
493,E,0
493,F,3
493,G,1
493,H,2
493,I,2
493,K,1
493,L,2
493,M,3
493,N,2
493,P,2
493,Q,1
493,R,2
493,S,2
493,T,2
493,V,1
493,W,3
493,Y,2
493,-,3
494,A,1
494,C,3
494,D,1
494,E,0
494,F,3
494,G,1
494,H,2
494,I,3
494,K,1
494,L,2
494,M,2
494,N,2
494,P,2
494,Q,1
494,R,2
494,S,2
494,T,2
494,V,1
494,W,2
494,Y,2
494,-,3
495,A,0
495,C,2
495,D,1
495,E,2
495,F,2
495,G,1
495,H,2
495,I,2
495,K,3
495,L,2
495,M,3
495,N,2
495,P,1
495,Q,3
495,R,2
495,S,1
495,T,1
495,V,1
495,W,3
495,Y,2
495,-,3
496,A,2
496,C,3
496,D,3
496,E,2
496,F,2
496,G,2
496,H,3
496,I,1
496,K,1
496,L,1
496,M,0
496,N,2
496,P,2
496,Q,2
496,R,1
496,S,2
496,T,1
496,V,1
496,W,2
496,Y,3
496,-,3
497,A,2
497,C,3
497,D,2
497,E,1
497,F,3
497,G,2
497,H,1
497,I,3
497,K,1
497,L,1
497,M,2
497,N,2
497,P,1
497,Q,0
497,R,1
497,S,2
497,T,2
497,V,2
497,W,2
497,Y,2
497,-,3
498,A,2
498,C,2
498,D,1
498,E,2
498,F,2
498,G,2
498,H,1
498,I,1
498,K,1
498,L,2
498,M,2
498,N,0
498,P,2
498,Q,2
498,R,2
498,S,1
498,T,1
498,V,2
498,W,3
498,Y,1
498,-,3
499,A,2
499,C,2
499,D,3
499,E,2
499,F,3
499,G,1
499,H,3
499,I,2
499,K,1
499,L,2
499,M,1
499,N,2
499,P,2
499,Q,2
499,R,0
499,S,1
499,T,1
499,V,2
499,W,1
499,Y,3
499,-,3
500,A,2
500,C,2
500,D,2
500,E,3
500,F,1
500,G,2
500,H,2
500,I,0
500,K,2
500,L,1
500,M,1
500,N,1
500,P,2
500,Q,3
500,R,2
500,S,1
500,T,1
500,V,1
500,W,3
500,Y,2
500,-,3
501,A,2
501,C,3
501,D,2
501,E,1
501,F,3
501,G,2
501,H,1
501,I,3
501,K,1
501,L,1
501,M,2
501,N,2
501,P,1
501,Q,0
501,R,1
501,S,2
501,T,2
501,V,2
501,W,2
501,Y,2
501,-,3
502,A,2
502,C,2
502,D,2
502,E,3
502,F,1
502,G,2
502,H,2
502,I,0
502,K,2
502,L,1
502,M,1
502,N,1
502,P,2
502,Q,3
502,R,2
502,S,1
502,T,1
502,V,1
502,W,3
502,Y,2
502,-,3
503,A,1
503,C,2
503,D,0
503,E,1
503,F,2
503,G,1
503,H,1
503,I,2
503,K,2
503,L,2
503,M,3
503,N,1
503,P,2
503,Q,2
503,R,2
503,S,2
503,T,2
503,V,1
503,W,3
503,Y,1
503,-,3
504,A,1
504,C,2
504,D,2
504,E,3
504,F,2
504,G,2
504,H,1
504,I,2
504,K,3
504,L,1
504,M,3
504,N,2
504,P,0
504,Q,2
504,R,1
504,S,1
504,T,1
504,V,2
504,W,3
504,Y,2
504,-,3
505,A,1
505,C,3
505,D,2
505,E,1
505,F,2
505,G,1
505,H,3
505,I,2
505,K,2
505,L,1
505,M,1
505,N,3
505,P,2
505,Q,2
505,R,2
505,S,2
505,T,2
505,V,0
505,W,2
505,Y,3
505,-,3
506,A,2
506,C,3
506,D,2
506,E,1
506,F,3
506,G,2
506,H,2
506,I,2
506,K,0
506,L,2
506,M,1
506,N,1
506,P,2
506,Q,1
506,R,1
506,S,2
506,T,1
506,V,2
506,W,2
506,Y,2
506,-,3
507,A,2
507,C,3
507,D,3
507,E,2
507,F,2
507,G,2
507,H,2
507,I,2
507,K,2
507,L,0
507,M,1
507,N,3
507,P,1
507,Q,1
507,R,1
507,S,2
507,T,2
507,V,1
507,W,2
507,Y,3
507,-,3
508,A,1
508,C,1
508,D,2
508,E,3
508,F,1
508,G,2
508,H,2
508,I,2
508,K,3
508,L,2
508,M,3
508,N,2
508,P,1
508,Q,3
508,R,2
508,S,0
508,T,1
508,V,2
508,W,2
508,Y,1
508,-,3
509,A,2
509,C,1
509,D,2
509,E,3
509,F,2
509,G,1
509,H,2
509,I,1
509,K,2
509,L,2
509,M,2
509,N,1
509,P,2
509,Q,3
509,R,1
509,S,0
509,T,1
509,V,2
509,W,2
509,Y,2
509,-,3
510,A,1
510,C,1
510,D,1
510,E,2
510,F,2
510,G,0
510,H,2
510,I,2
510,K,3
510,L,2
510,M,3
510,N,2
510,P,2
510,Q,3
510,R,1
510,S,1
510,T,2
510,V,1
510,W,2
510,Y,2
510,-,3
511,A,2
511,C,1
511,D,1
511,E,2
511,F,1
511,G,2
511,H,1
511,I,2
511,K,2
511,L,2
511,M,3
511,N,1
511,P,2
511,Q,2
511,R,2
511,S,1
511,T,2
511,V,2
511,W,2
511,Y,0
511,-,3
512,A,2
512,C,3
512,D,2
512,E,1
512,F,3
512,G,2
512,H,2
512,I,2
512,K,0
512,L,2
512,M,1
512,N,1
512,P,2
512,Q,1
512,R,1
512,S,2
512,T,1
512,V,2
512,W,2
512,Y,2
512,-,3
513,A,1
513,C,2
513,D,0
513,E,1
513,F,2
513,G,1
513,H,1
513,I,2
513,K,2
513,L,2
513,M,3
513,N,1
513,P,2
513,Q,2
513,R,2
513,S,2
513,T,2
513,V,1
513,W,3
513,Y,1
513,-,3
514,A,1
514,C,3
514,D,2
514,E,1
514,F,2
514,G,1
514,H,3
514,I,2
514,K,2
514,L,1
514,M,1
514,N,3
514,P,2
514,Q,2
514,R,2
514,S,2
514,T,2
514,V,0
514,W,2
514,Y,3
514,-,3
